City_ID,City,Country,Date,Lat,Lng,Max Temp,Humidity,Cloudiness,Wind Speed
0,Rawson,AR,2022-01-31 00:19:28,-43.3002,-65.1023,59.95,36,57,4.38
1,Bethel,US,2022-01-31 00:19:28,41.3712,-73.414,21.49,61,1,0.0
2,Pevek,RU,2022-01-31 00:19:28,69.7008,170.3133,-16.64,99,96,1.57
3,Mount Gambier,AU,2022-01-31 00:18:13,-37.8333,140.7667,69.71,83,100,5.75
4,Havoysund,NO,2022-01-31 00:19:29,70.9963,24.6622,31.08,67,88,18.32
5,Chenghai,CN,2022-01-31 00:19:30,23.4632,116.768,51.71,71,100,6.71
6,Bluff,NZ,2022-01-31 00:19:30,-46.6,168.3333,71.8,84,82,5.21
7,Lae,PG,2022-01-31 00:19:31,-6.7221,146.9847,84.87,58,98,4.99
8,Ushuaia,AR,2022-01-31 00:18:00,-54.8,-68.3,46.06,61,40,27.63
9,Butaritari,KI,2022-01-31 00:18:11,3.0707,172.7902,81.91,77,52,20.89
10,Rikitea,PF,2022-01-31 00:18:01,-23.1203,-134.9692,76.98,65,93,4.21
11,Igarka,RU,2022-01-31 00:19:32,67.4667,86.5833,-5.87,96,99,10.38
12,Cap Malheureux,MU,2022-01-31 00:16:06,-19.9842,57.6142,78.48,82,100,1.99
13,Bambous Virieux,MU,2022-01-31 00:19:32,-20.3428,57.7575,78.22,83,99,15.52
14,Tasiilaq,GL,2022-01-31 00:19:33,65.6145,-37.6368,8.76,54,100,10.18
15,Barrow,US,2022-01-31 00:15:02,71.2906,-156.7887,-7.58,77,40,9.22
16,Busselton,AU,2022-01-31 00:18:10,-33.65,115.3333,68.09,57,93,19.69
17,Ribeira Grande,PT,2022-01-31 00:19:34,38.5167,-28.7,59.74,71,63,23.22
18,Tahoua,NE,2022-01-31 00:19:34,14.8888,5.2692,64.56,14,5,12.82
19,Albany,US,2022-01-31 00:16:12,42.6001,-73.9662,15.53,50,23,3.83
20,New Norfolk,AU,2022-01-31 00:19:34,-42.7826,147.0587,81.66,38,3,1.99
21,Jamestown,US,2022-01-31 00:19:35,42.097,-79.2353,15.3,82,100,0.0
22,Caravelas,BR,2022-01-31 00:19:35,-17.7125,-39.2481,79.57,83,50,11.97
23,Kaitangata,NZ,2022-01-31 00:19:37,-46.2817,169.8464,69.93,71,14,6.22
24,Pisco,PE,2022-01-31 00:14:46,-13.7,-76.2167,73.45,73,75,4.61
25,Puerto Ayora,EC,2022-01-31 00:18:13,-0.7393,-90.3518,74.64,78,100,7.67
26,Copiapo,CL,2022-01-31 00:19:27,-27.3667,-70.3333,67.37,65,0,5.46
27,Punta Arenas,CL,2022-01-31 00:14:42,-53.15,-70.9167,50.11,57,75,31.07
28,San Patricio,US,2022-01-31 00:19:38,28.017,-97.5169,66.18,70,58,10.94
29,Mar Del Plata,AR,2022-01-31 00:19:38,-38.0023,-57.5575,67.87,78,100,13.0
30,Mafeteng,LS,2022-01-31 00:19:39,-29.823,27.2374,62.4,81,99,6.22
31,Padang,ID,2022-01-31 00:19:39,-0.9492,100.3543,73.45,87,97,3.49
32,Lebu,CL,2022-01-31 00:19:40,-37.6167,-73.65,58.21,71,0,21.14
33,Faanui,PF,2022-01-31 00:19:40,-16.4833,-151.75,80.98,71,17,11.61
34,Ligayan,PH,2022-01-31 00:19:41,4.6533,119.4706,82.18,70,88,8.41
35,Provideniya,RU,2022-01-31 00:19:41,64.3833,-173.3,10.51,67,0,17.9
36,Khatanga,RU,2022-01-31 00:18:16,71.9667,102.5,-5.31,98,98,8.84
37,Yar-Sale,RU,2022-01-31 00:19:42,66.8333,70.8333,-1.17,94,93,7.96
38,Severo-Kurilsk,RU,2022-01-31 00:19:43,50.6789,156.125,28.24,95,100,7.7
39,Nome,US,2022-01-31 00:19:43,64.5011,-165.4064,0.16,65,0,0.0
40,Coquimbo,CL,2022-01-31 00:19:44,-29.9533,-71.3436,64.76,84,36,6.69
41,Snagov,RO,2022-01-31 00:19:44,44.7,26.1833,39.79,69,0,14.97
42,Hella,NO,2022-01-31 00:19:45,67.2,14.4333,26.74,93,75,9.22
43,Yurimaguas,PE,2022-01-31 00:19:45,-5.9,-76.0833,74.53,92,98,3.04
44,Nanortalik,GL,2022-01-31 00:19:46,60.1432,-45.2371,19.22,74,100,20.92
45,Pitimbu,BR,2022-01-31 00:20:46,-7.4706,-34.8086,79.39,78,14,10.07
46,Longyearbyen,SJ,2022-01-31 00:20:47,78.2186,15.6401,8.44,66,0,18.41
47,Faya,SA,2022-01-31 00:20:47,18.3851,42.4509,53.71,73,5,4.7
48,Bredasdorp,ZA,2022-01-31 00:18:17,-34.5322,20.0403,70.92,83,88,8.05
49,Sucua,EC,2022-01-31 00:20:48,-2.4667,-78.1667,69.73,95,100,2.15
50,Ayagoz,KZ,2022-01-31 00:20:48,47.9714,80.4392,5.4,100,98,1.07
51,Vaini,TO,2022-01-31 00:18:06,-21.2,-175.2,80.98,74,100,10.31
52,Castro,BR,2022-01-31 00:18:11,-24.7911,-50.0119,62.76,99,98,8.77
53,Namikupa,TZ,2022-01-31 00:20:49,-10.8333,39.6,69.64,98,40,0.43
54,Haines Junction,CA,2022-01-31 00:20:49,60.7522,-137.5108,10.35,52,93,13.8
55,Cape Town,ZA,2022-01-31 00:20:50,-33.9258,18.4232,72.01,77,0,4.0
56,Mount Isa,AU,2022-01-31 00:20:50,-20.7333,139.5,80.37,89,100,11.5
57,Clyde River,CA,2022-01-31 00:20:50,70.4692,-68.5914,-25.37,75,75,2.3
58,Zlobin,HR,2022-01-31 00:20:51,45.2924,14.6541,37.62,89,0,1.14
59,Upernavik,GL,2022-01-31 00:18:00,72.7868,-56.1549,-6.81,99,100,3.0
60,Sao Filipe,CV,2022-01-31 00:20:51,14.8961,-24.4956,71.55,72,99,14.18
61,Mataura,NZ,2022-01-31 00:20:52,-46.1927,168.8643,72.48,54,49,2.42
62,Santa Vitoria Do Palmar,BR,2022-01-31 00:20:52,-33.5189,-53.3681,71.2,76,3,13.44
63,Yellowknife,CA,2022-01-31 00:18:02,62.456,-114.3525,-6.45,81,75,6.91
64,Saint Anthony,US,2022-01-31 00:20:54,45.0205,-93.218,19.94,69,1,0.0
65,Anito,PH,2022-01-31 00:20:54,12.4497,125.2886,79.32,84,57,2.42
66,Vostok,RU,2022-01-31 00:15:57,46.4856,135.8833,-7.98,92,52,1.21
67,Hilo,US,2022-01-31 00:14:34,19.7297,-155.09,80.33,58,40,8.05
68,Kapaa,US,2022-01-31 00:20:55,22.0752,-159.319,81.48,71,0,1.99
69,Cutervo,PE,2022-01-31 00:20:55,-6.379,-78.8157,51.44,83,100,5.93
70,Jumla,NP,2022-01-31 00:20:56,29.2747,82.1838,34.66,44,0,3.94
71,Constitucion,CL,2022-01-31 00:20:57,-35.3333,-72.4167,59.83,76,4,16.64
72,Fort Nelson,CA,2022-01-31 00:18:34,58.8053,-122.7002,-0.81,71,75,9.22
73,Bandarbeyla,SO,2022-01-31 00:20:57,9.4942,50.8122,76.1,75,100,16.26
74,Luderitz,NA,2022-01-31 00:17:21,-26.6481,15.1594,64.33,88,60,12.46
75,Boa Vista,BR,2022-01-31 00:20:58,2.8197,-60.6733,85.98,48,40,6.91
76,Mahebourg,MU,2022-01-31 00:20:58,-20.4081,57.7,78.26,82,100,15.93
77,Souillac,MU,2022-01-31 00:20:59,-20.5167,57.5167,78.37,84,100,12.82
78,Port Elizabeth,ZA,2022-01-31 00:18:02,-33.918,25.5701,68.29,94,20,10.36
79,Norman Wells,CA,2022-01-31 00:20:59,65.282,-126.8329,-23.76,69,75,2.3
80,Cherskiy,RU,2022-01-31 00:19:38,68.75,161.3,-28.21,99,98,1.63
81,Dingle,PH,2022-01-31 00:21:00,10.9995,122.6711,78.4,85,51,5.41
82,Klaksvik,FO,2022-01-31 00:21:00,62.2266,-6.589,34.72,54,99,40.24
83,Cabo San Lucas,MX,2022-01-31 00:21:00,22.8909,-109.9124,77.61,66,20,6.91
84,Glasgow,GB,2022-01-31 00:20:02,55.8652,-4.2576,43.16,73,40,33.38
85,Tautira,PF,2022-01-31 00:17:17,-17.7333,-149.15,86.02,75,92,12.37
86,La Asuncion,VE,2022-01-31 00:21:01,11.0333,-63.8628,74.93,94,41,16.11
87,Bara,NG,2022-01-31 00:21:02,10.3744,10.7288,65.16,21,84,9.1
88,East London,ZA,2022-01-31 00:21:02,-33.0153,27.9116,74.16,84,88,14.05
89,Avarua,CK,2022-01-31 00:21:03,-21.2078,-159.775,73.45,94,20,6.91
90,Bafoulabe,ML,2022-01-31 00:21:03,13.8065,-10.8321,82.62,11,21,7.76
91,Moron,AR,2022-01-31 00:21:04,-34.6534,-58.6198,81.01,57,0,3.0
92,Monte Carmelo,BR,2022-01-31 00:22:04,-18.7247,-47.4986,67.93,93,96,3.53
93,Carnarvon,AU,2022-01-31 00:22:05,-24.8667,113.6333,84.27,58,44,21.85
94,Praia Da Vitoria,PT,2022-01-31 00:22:05,38.7333,-27.0667,59.25,82,40,21.74
95,Sibu,MY,2022-01-31 00:22:06,2.3,111.8167,77.31,88,20,4.61
96,Muros,ES,2022-01-31 00:22:06,42.7762,-9.0603,50.85,66,0,6.67
97,Airai,TL,2022-01-31 00:18:07,-8.9266,125.4092,66.16,77,87,4.74
98,Fortuna,US,2022-01-31 00:22:07,40.5982,-124.1573,57.18,81,1,0.0
99,Torbay,CA,2022-01-31 00:22:08,47.6666,-52.7314,36.39,81,75,24.16
100,Bambanglipuro,ID,2022-01-31 00:22:08,-7.95,110.2833,64.6,86,100,3.69
101,Grindavik,IS,2022-01-31 00:22:09,63.8424,-22.4338,26.55,93,90,29.93
102,Kununurra,AU,2022-01-31 00:22:09,-15.7667,128.7333,84.18,74,75,16.11
103,Atuona,PF,2022-01-31 00:18:04,-9.8,-139.0333,78.12,78,12,14.7
104,Kloulklubed,PW,2022-01-31 00:22:10,7.0419,134.2556,81.1,73,94,14.36
105,Ponta Do Sol,PT,2022-01-31 00:22:10,32.6667,-17.1,65.12,36,1,10.09
106,Aripuana,BR,2022-01-31 00:22:10,-9.1667,-60.6333,72.03,99,100,2.21
107,Vardo,NO,2022-01-31 00:22:11,70.3705,31.1107,30.49,62,98,13.38
108,Teahupoo,PF,2022-01-31 00:22:11,-17.8333,-149.2667,80.56,75,66,11.1
109,Claudio,BR,2022-01-31 00:22:12,-20.4433,-44.7658,67.93,91,99,1.99
110,Hermanus,ZA,2022-01-31 00:22:12,-34.4187,19.2345,70.9,84,83,14.2
111,Dikson,RU,2022-01-31 00:22:13,73.5069,80.5464,-5.21,94,100,22.3
112,Wahiawa,US,2022-01-31 00:18:45,21.5028,-158.0236,77.32,56,100,14.97
113,Hualmay,PE,2022-01-31 00:22:13,-11.0964,-77.6139,71.33,82,100,9.84
114,Zhanaozen,KZ,2022-01-31 00:22:14,43.3,52.8,38.44,66,100,14.16
115,Hofn,IS,2022-01-31 00:22:14,64.2539,-15.2082,27.25,48,29,22.5
116,Qaanaaq,GL,2022-01-31 00:22:15,77.484,-69.3632,-4.5,81,100,6.2
117,Bairiki,KI,2022-01-31 00:22:15,1.3292,172.9752,86.0,74,20,12.66
118,Port Alfred,ZA,2022-01-31 00:22:16,-33.5906,26.891,73.0,89,100,15.61
119,Acarau,BR,2022-01-31 00:22:16,-2.8856,-40.12,77.49,82,100,9.53
120,Cocobeach,GA,2022-01-31 00:22:17,1.0002,9.5823,80.31,82,100,5.93
121,Narsaq,GL,2022-01-31 00:22:17,60.9167,-46.05,21.42,84,100,21.23
122,Maldonado,UY,2022-01-31 00:22:18,-34.6667,-54.9167,73.22,68,0,7.63
123,Karatau,KZ,2022-01-31 00:22:18,43.1667,70.4667,26.02,86,88,0.63
124,Comodoro Rivadavia,AR,2022-01-31 00:22:18,-45.8667,-67.5,57.06,44,0,8.05
125,Great Yarmouth,GB,2022-01-31 00:22:19,52.6083,1.7305,46.45,81,88,26.53
126,Churapcha,RU,2022-01-31 00:22:19,62.0025,132.4325,-38.33,100,86,3.0
127,Seoul,KR,2022-01-31 00:22:20,37.5683,126.9778,27.84,68,0,1.14
128,Ust-Karsk,RU,2022-01-31 00:22:20,52.7011,118.8077,-19.07,100,96,1.79
129,San Quintin,MX,2022-01-31 00:22:20,30.4833,-115.95,62.22,54,1,11.52
130,Gat,IL,2022-01-31 00:22:21,31.61,34.7642,48.4,100,9,5.95
131,Tres Arroyos,AR,2022-01-31 00:22:21,-38.3739,-60.2798,60.64,68,56,16.82
132,Port Hardy,CA,2022-01-31 00:22:22,50.6996,-127.4199,41.18,81,75,8.05
133,Dunedin,NZ,2022-01-31 00:22:22,-45.8742,170.5036,68.07,68,2,7.27
134,Olafsvik,IS,2022-01-31 00:22:23,64.8945,-23.7142,26.02,55,100,28.23
135,Vao,NC,2022-01-31 00:22:23,-22.6667,167.4833,79.21,84,99,7.74
136,Kruisfontein,ZA,2022-01-31 00:22:23,-34.0033,24.7314,64.89,95,87,2.68
137,Middelburg,ZA,2022-01-31 00:22:24,-25.7751,29.4648,59.05,93,96,5.01
138,Palmer,US,2022-01-31 00:22:24,42.1584,-72.3287,14.41,62,5,2.28
139,Half Moon Bay,US,2022-01-31 00:23:25,37.4636,-122.4286,65.73,71,0,1.01
140,Vaitape,PF,2022-01-31 00:23:25,-16.5167,-151.75,81.07,68,16,9.93
141,Ukiah,US,2022-01-31 00:23:25,39.1502,-123.2078,67.44,46,1,4.61
142,Ardakan,IR,2022-01-31 00:23:26,32.31,54.0175,34.18,31,15,3.38
143,Port Lincoln,AU,2022-01-31 00:23:26,-34.7333,135.8667,70.02,73,46,8.48
144,Cayenne,GF,2022-01-31 00:21:06,4.9333,-52.3333,79.09,86,0,4.0
145,Barra,BR,2022-01-31 00:23:27,-11.0894,-43.1417,75.87,74,46,2.91
146,Touros,BR,2022-01-31 00:20:57,-5.1989,-35.4608,79.7,78,14,11.48
147,Lensk,RU,2022-01-31 00:23:28,60.7253,114.9278,-6.74,98,99,3.49
148,Hithadhoo,MV,2022-01-31 00:23:28,-0.6,73.0833,81.93,71,58,10.38
149,Egvekinot,RU,2022-01-31 00:23:29,66.3167,-179.1667,0.88,68,72,7.16
150,Lorengau,PG,2022-01-31 00:23:29,-2.0226,147.2712,80.19,81,100,13.65
151,Richards Bay,ZA,2022-01-31 00:23:29,-28.783,32.0377,70.2,88,77,5.61
152,Smithers,CA,2022-01-31 00:23:30,54.7804,-127.1743,30.52,80,75,5.75
153,Ostrow Mazowiecka,PL,2022-01-31 00:23:30,52.8024,21.8951,30.49,85,100,20.65
154,Tuktoyaktuk,CA,2022-01-31 00:23:30,69.4541,-133.0374,-0.4,78,100,20.71
155,Canoinhas,BR,2022-01-31 00:23:31,-26.1772,-50.39,62.89,92,100,3.89
156,Zhigansk,RU,2022-01-31 00:23:31,66.7697,123.3711,-32.8,100,100,1.95
157,Sur,OM,2022-01-31 00:23:32,22.5667,59.5289,70.03,66,0,2.59
158,Ocos,GT,2022-01-31 00:23:32,14.5094,-92.1933,84.7,66,5,7.25
159,Bengkulu,ID,2022-01-31 00:18:15,-3.8004,102.2655,75.85,88,97,4.83
160,Winchester,GB,2022-01-31 00:23:33,51.0651,-1.3187,48.65,86,40,4.0
161,Miyang,CN,2022-01-31 00:23:33,24.4042,103.4428,45.5,95,91,4.21
162,Hobart,AU,2022-01-31 00:23:33,-42.8794,147.3294,82.02,56,20,1.01
163,Nakonde,ZM,2022-01-31 00:23:34,-9.3421,32.745,59.59,98,99,4.45
164,Saldanha,ZA,2022-01-31 00:23:34,-33.0117,17.9442,66.25,91,47,5.5
165,Ketchikan,US,2022-01-31 00:22:57,55.3422,-131.6461,34.27,93,100,6.91
166,Bosaso,SO,2022-01-31 00:23:35,11.2842,49.1816,72.64,76,92,2.53
167,Kahului,US,2022-01-31 00:23:35,20.8947,-156.47,84.22,44,20,5.75
168,Logon,PH,2022-01-31 00:23:36,11.3303,124.1146,80.82,76,51,8.05
169,Batagay,RU,2022-01-31 00:23:36,67.6333,134.6333,-36.47,99,43,1.19
170,Tual,ID,2022-01-31 00:23:37,-5.6667,132.75,83.91,77,100,18.63
171,Fuling,CN,2022-01-31 00:23:37,29.7022,107.3919,42.58,84,100,2.21
172,Kodiak,US,2022-01-31 00:16:05,57.79,-152.4072,27.91,64,0,10.36
173,Kontagora,NG,2022-01-31 00:23:38,10.3999,5.4695,72.66,12,100,9.42
174,Marawi,PH,2022-01-31 00:18:14,7.9986,124.2928,68.65,83,44,1.41
175,San Andres,CO,2022-01-31 00:23:39,12.5847,-81.7006,78.82,78,75,11.5
176,Mitsamiouli,KM,2022-01-31 00:23:39,-11.3847,43.2844,80.64,75,4,3.47
177,Waitara,NZ,2022-01-31 00:23:39,-38.925,174.25,73.99,61,82,4.41
178,Kieta,PG,2022-01-31 00:23:40,-6.2167,155.6333,85.06,72,100,7.43
179,Ponta Delgada,PT,2022-01-31 00:23:40,37.7333,-25.6667,59.72,72,40,16.11
180,Codrington,AU,2022-01-31 00:23:41,-38.2667,141.9667,78.35,60,39,1.68
181,Bullhead City,US,2022-01-31 00:23:41,35.1478,-114.5683,74.01,9,0,18.41
182,Boa Esperanca,BR,2022-01-31 00:23:41,-21.09,-45.5658,67.8,96,95,2.64
183,Reserva,BR,2022-01-31 00:23:42,-24.6503,-50.8506,63.48,99,98,3.33
184,Saint-Philippe,RE,2022-01-31 00:23:42,-21.3585,55.7679,78.39,86,42,10.47
185,Itarema,BR,2022-01-31 00:23:43,-2.9248,-39.9167,78.8,84,100,11.27
186,Chokurdakh,RU,2022-01-31 00:23:43,70.6333,147.9167,-29.79,96,17,2.01
187,Maarianhamina,AX,2022-01-31 00:24:44,60.0973,19.9348,28.26,74,75,13.8
188,Mokhsogollokh,RU,2022-01-31 00:24:44,61.4681,128.9203,-18.49,99,100,3.83
189,San Cristobal,VE,2022-01-31 00:24:44,7.7669,-72.225,68.18,89,82,2.84
190,Arraial Do Cabo,BR,2022-01-31 00:24:45,-22.9661,-42.0278,75.69,92,98,8.59
191,Isangel,VU,2022-01-31 00:22:47,-19.55,169.2667,82.51,89,100,9.22
192,Yichun,CN,2022-01-31 00:24:46,47.7,128.9,-6.81,98,99,1.68
193,Kavieng,PG,2022-01-31 00:24:46,-2.5744,150.7967,83.23,70,98,1.21
194,Lata,PT,2022-01-31 00:24:46,40.1629,-8.3327,44.71,54,90,3.33
195,Iqaluit,CA,2022-01-31 00:24:47,63.7506,-68.5145,-18.67,76,1,3.44
196,Blagodatnoye,RU,2022-01-31 00:24:47,45.3997,42.5867,31.12,85,99,11.16
197,Ambatondrazaka,MG,2022-01-31 00:24:48,-17.8333,48.4167,64.44,91,54,3.58
198,Chuy,UY,2022-01-31 00:24:48,-33.6971,-53.4616,71.06,77,14,13.38
199,Cascais,PT,2022-01-31 00:24:49,38.6979,-9.4215,57.06,38,0,5.01
200,Roald,NO,2022-01-31 00:24:49,62.5833,6.1333,32.32,74,97,10.36
201,Paamiut,GL,2022-01-31 00:24:50,61.994,-49.6678,16.39,83,100,10.18
202,Gaoua,BF,2022-01-31 00:24:50,10.2992,-3.2508,75.43,14,42,6.17
203,Oktyabrskoye,RU,2022-01-31 00:24:50,43.0645,44.7417,21.34,100,7,4.47
204,Ahuimanu,US,2022-01-31 00:24:51,21.4447,-157.8378,80.31,56,40,7.0
205,Broome,US,2022-01-31 00:24:51,42.2506,-75.833,14.38,75,0,4.0
206,Hobyo,SO,2022-01-31 00:24:52,5.3505,48.5268,76.26,80,96,14.56
207,Okhotsk,RU,2022-01-31 00:24:52,59.3833,143.3,12.47,74,99,15.66
208,Lappeenranta,FI,2022-01-31 00:24:52,61.0587,28.1887,23.05,88,100,11.5
209,Kralendijk,BQ,2022-01-31 00:24:53,12.15,-68.2667,78.78,73,0,8.05
210,Basco,PH,2022-01-31 00:24:53,20.4487,121.9702,71.26,75,87,30.87
211,Shebunino,RU,2022-01-31 00:24:54,46.4339,141.8603,17.37,79,100,11.23
212,Alofi,NU,2022-01-31 00:24:54,-19.0595,-169.9187,76.89,83,100,11.5
213,Huanren,CN,2022-01-31 00:24:55,41.2647,125.3667,8.38,75,14,0.92
214,Itaqui,BR,2022-01-31 00:24:55,-29.1253,-56.5531,78.33,32,0,8.95
215,Kirovskiy,RU,2022-01-31 00:24:56,45.0917,133.5136,-2.13,95,97,2.53
216,Talnakh,RU,2022-01-31 00:21:02,69.4865,88.3972,-15.79,94,87,9.06
217,Tuatapere,NZ,2022-01-31 00:24:56,-46.1333,167.6833,72.82,64,36,4.92
218,Moissac,FR,2022-01-31 00:24:57,44.1024,1.0945,42.33,94,6,6.51
219,Georgetown,MY,2022-01-31 00:15:11,5.4112,100.3354,79.9,89,20,2.3
220,Anloga,GH,2022-01-31 00:24:57,5.7947,0.8973,73.62,69,100,3.56
221,Nikolskoye,RU,2022-01-31 00:24:57,59.7035,30.7861,27.39,96,100,5.39
222,Coahuayana,MX,2022-01-31 00:22:10,18.7333,-103.6833,89.08,44,0,4.52
223,Otradnoye,RU,2022-01-31 00:22:39,59.7775,30.8181,28.04,96,100,5.53
224,Krasnopillya,UA,2022-01-31 00:24:58,50.7746,35.2597,29.95,96,99,15.17
225,Sulangan,PH,2022-01-31 00:24:59,11.1373,123.7228,80.58,78,55,7.56
226,Husavik,IS,2022-01-31 00:24:59,66.0449,-17.3389,22.91,70,47,34.2
227,Bilibino,RU,2022-01-31 00:18:09,68.0546,166.4372,-10.97,95,77,4.83
228,Faro,PT,2022-01-31 00:25:00,37.0194,-7.9322,47.98,61,0,5.75
229,Vestmannaeyjar,IS,2022-01-31 00:25:01,63.4427,-20.2734,31.75,63,100,37.16
230,Shimoda,JP,2022-01-31 00:25:01,34.6667,138.95,46.76,68,96,8.32
231,Saskylakh,RU,2022-01-31 00:26:02,71.9167,114.0833,-22.47,100,98,2.8
232,Pachino,IT,2022-01-31 00:21:07,36.7186,15.0907,46.6,81,0,14.25
233,Sitka,US,2022-01-31 00:26:02,57.0531,-135.33,39.09,75,40,4.61
234,Dayong,CN,2022-01-31 00:26:03,25.0209,118.2898,51.89,75,25,2.1
235,Cetraro,IT,2022-01-31 00:26:03,39.5166,15.9416,46.24,85,80,1.25
236,Petrolina,BR,2022-01-31 00:26:04,-9.3986,-40.5008,75.25,94,0,2.3
237,Ler,SS,2022-01-31 00:26:04,8.3018,30.1418,72.61,24,69,5.37
238,Swellendam,ZA,2022-01-31 00:26:04,-34.0226,20.4417,70.18,81,76,8.48
239,Cove,BJ,2022-01-31 00:26:05,7.221,2.3402,73.06,28,84,1.79
240,Adrar,MR,2022-01-31 00:26:05,20.5022,-10.0711,73.17,12,100,12.06
241,Agirish,RU,2022-01-31 00:26:06,61.9247,63.0231,-8.48,100,100,1.95
242,Melbourne,US,2022-01-31 00:23:07,28.0836,-80.6081,50.97,63,0,0.0
243,Kalmunai,LK,2022-01-31 00:26:06,7.4167,81.8167,75.88,87,41,3.69
244,Roela,EE,2022-01-31 00:26:06,59.1667,26.5926,26.44,96,100,8.77
245,Port Augusta,AU,2022-01-31 00:26:07,-32.5,137.7667,94.71,33,88,5.48
246,Tutoia,BR,2022-01-31 00:26:07,-2.7619,-42.2744,82.38,81,90,10.76
247,Ortakoy,TR,2022-01-31 00:26:08,38.7373,34.0387,28.65,93,98,18.23
248,Aklavik,CA,2022-01-31 00:26:08,68.2191,-135.0107,4.03,96,100,3.38
249,Tezu,IN,2022-01-31 00:26:09,27.9167,96.1667,50.45,54,15,3.53
250,Umm Lajj,SA,2022-01-31 00:26:09,25.0213,37.2685,63.34,59,87,9.55
251,Waingapu,ID,2022-01-31 00:26:09,-9.6567,120.2641,80.83,78,100,13.58
252,Guerrero Negro,MX,2022-01-31 00:22:36,27.9769,-114.0611,63.45,54,53,14.47
253,Vila Franca Do Campo,PT,2022-01-31 00:26:10,37.7167,-25.4333,59.41,80,48,15.1
254,High Level,CA,2022-01-31 00:26:11,58.5169,-117.136,-0.29,85,90,10.36
255,Saint-Augustin,CA,2022-01-31 00:26:11,51.226,-58.6502,14.11,83,100,26.93
256,Hamadan,IR,2022-01-31 00:26:12,34.7992,48.5146,25.29,69,0,7.74
257,Novopokrovka,UA,2022-01-31 00:26:12,49.8425,36.5477,32.38,92,100,14.65
258,Vestmanna,FO,2022-01-31 00:26:13,62.1564,-7.1664,32.92,55,75,29.93
259,Hasaki,JP,2022-01-31 00:23:54,35.7333,140.8333,39.6,45,100,16.78
260,Sayansk,RU,2022-01-31 00:26:13,54.1088,102.1648,-6.09,98,100,2.15
261,Severo-Yeniseyskiy,RU,2022-01-31 00:21:20,60.3725,93.0408,-5.26,98,98,2.86
262,Esperance,AU,2022-01-31 00:26:14,-33.8667,121.9,67.84,76,22,17.65
263,Buraydah,SA,2022-01-31 00:26:14,26.326,43.975,55.85,44,93,11.81
264,Carballo,ES,2022-01-31 00:26:15,43.213,-8.691,45.86,88,0,2.28
265,Makubetsu,JP,2022-01-31 00:26:15,45.3714,141.8211,17.31,62,75,3.44
266,Nacala,MZ,2022-01-31 00:26:16,-14.5428,40.6728,73.24,91,1,3.89
267,Baruun-Urt,MN,2022-01-31 00:26:16,46.6806,113.2792,-9.17,94,64,4.59
268,Labuhan,ID,2022-01-31 00:26:17,-6.8844,112.2051,79.0,84,100,7.7
269,Beringovskiy,RU,2022-01-31 00:26:17,63.05,179.3167,-6.61,97,100,10.16
270,Alamosa,US,2022-01-31 00:26:17,37.4695,-105.87,38.71,41,0,3.44
271,Sibolga,ID,2022-01-31 00:26:18,1.7427,98.7792,75.97,87,99,1.63
272,Independenta,RO,2022-01-31 00:26:18,45.4833,27.75,37.74,61,61,5.03
273,Los Llanos De Aridane,ES,2022-01-31 00:26:19,28.6585,-17.9182,58.75,75,20,7.0
274,Cidreira,BR,2022-01-31 00:26:19,-30.1811,-50.2056,73.74,71,4,18.92
275,Smirnykh,RU,2022-01-31 00:26:20,49.75,142.8333,6.4,80,89,6.46
276,Arlit,NE,2022-01-31 00:26:20,18.7369,7.3853,61.75,15,3,10.71
277,Wuwei,CN,2022-01-31 00:27:20,37.9281,102.6414,15.89,46,74,3.51
278,Calama,CL,2022-01-31 00:27:21,-22.4667,-68.9333,59.88,46,0,14.34
279,Clinton,US,2022-01-31 00:24:07,42.587,-82.9199,26.28,67,87,1.74
280,Wilmington,US,2022-01-31 00:27:21,34.2257,-77.9447,47.86,59,0,3.44
281,Carutapera,BR,2022-01-31 00:27:22,-1.195,-46.02,74.95,93,98,6.2
282,Ilulissat,GL,2022-01-31 00:27:22,69.2167,-51.1,3.22,55,84,20.71
283,Roebourne,AU,2022-01-31 00:27:23,-20.7833,117.1333,91.6,41,98,12.66
284,Neryungri,RU,2022-01-31 00:27:23,56.6709,124.6491,-12.57,98,100,6.06
285,Camacha,PT,2022-01-31 00:27:24,33.0833,-16.3333,61.56,82,20,17.27
286,De Aar,ZA,2022-01-31 00:27:24,-30.6497,24.0123,70.27,63,100,0.54
287,Houma,US,2022-01-31 00:27:25,29.5958,-90.7195,60.01,69,0,6.91
288,Geraldton,AU,2022-01-31 00:27:25,-28.7667,114.6,75.61,78,0,11.5
289,Sungaipenuh,ID,2022-01-31 00:27:25,-2.0833,101.3833,64.62,95,90,1.9
290,Harper,LR,2022-01-31 00:27:26,4.375,-7.7169,79.07,86,51,6.64
291,Fort Abbas,PK,2022-01-31 00:27:26,29.1925,72.8536,56.64,26,0,2.95
292,Tiksi,RU,2022-01-31 00:27:27,71.6872,128.8694,-19.01,100,97,4.03
293,Letlhakane,BW,2022-01-31 00:25:20,-21.4167,25.5833,70.72,78,98,13.82
294,Riyadh,SA,2022-01-31 00:27:27,24.6877,46.7219,53.74,42,0,9.75
295,Barao De Melgaco,BR,2022-01-31 00:27:28,-16.1944,-55.9675,75.72,96,100,4.16
296,Saint-Pierre,RE,2022-01-31 00:27:28,-21.3393,55.4781,78.48,78,75,10.36
297,Mocuba,MZ,2022-01-31 00:27:29,-16.8392,36.9856,70.47,98,12,1.86
298,Leningradskiy,RU,2022-01-31 00:27:29,69.3833,178.4167,-14.15,95,81,4.16
299,Sao Borja,BR,2022-01-31 00:27:29,-28.6606,-56.0044,78.94,30,8,1.28
300,Bowen,AU,2022-01-31 00:27:30,-20.0167,148.2333,77.22,71,25,9.8
301,Savigny-Le-Temple,FR,2022-01-31 00:27:31,48.5667,2.5833,44.98,83,100,10.36
302,Sharjah,AE,2022-01-31 00:26:15,25.3573,55.4033,68.25,72,0,5.75
303,Oktyabrskiy,RU,2022-01-31 00:27:32,54.4815,53.471,23.59,97,99,5.82
304,Nouakchott,MR,2022-01-31 00:23:19,18.0858,-15.9785,71.53,55,100,11.83
305,Yulara,AU,2022-01-31 00:27:32,-25.2406,130.9889,76.84,83,100,13.8
306,Alta Floresta,BR,2022-01-31 00:27:32,-9.8756,-56.0861,70.41,98,99,2.8
307,Urubicha,BO,2022-01-31 00:27:33,-15.3833,-62.95,72.39,98,32,3.47
308,Rio Verde De Mato Grosso,BR,2022-01-31 00:27:33,-18.9181,-54.8442,72.41,97,63,5.66
309,Itaituba,BR,2022-01-31 00:27:34,-4.2761,-55.9836,78.96,89,40,0.0
310,Pecos,US,2022-01-31 00:27:34,31.4229,-103.4932,65.23,27,0,4.61
311,Westport,US,2022-01-31 00:18:05,41.1415,-73.3579,24.62,55,1,1.99
312,Porto Santo,PT,2022-01-31 00:27:35,33.072,-16.3415,64.31,82,20,17.27
313,Ormiston,GB,2022-01-31 00:27:35,55.913,-2.9399,42.42,76,96,8.01
314,Darhan,MN,2022-01-31 00:27:36,49.4867,105.9228,-16.96,99,47,3.51
315,Kemijarvi,FI,2022-01-31 00:27:36,66.7131,27.4306,-0.69,98,100,2.28
316,Khoni,GE,2022-01-31 00:27:36,42.3226,42.4206,38.39,81,100,13.8
317,Petatlan,MX,2022-01-31 00:27:37,17.5167,-101.2667,84.0,59,0,4.47
318,Ayan,RU,2022-01-31 00:27:37,56.45,138.1667,1.65,67,100,15.66
319,Tsiroanomandidy,MG,2022-01-31 00:27:38,-18.7667,46.0333,68.05,91,7,2.93
320,Palu,ID,2022-01-31 00:26:12,-0.8917,119.8707,79.74,84,100,1.28
321,Amapa,BR,2022-01-31 00:27:38,1.0,-52.0,71.29,99,86,2.37
322,Maraba,BR,2022-01-31 00:28:39,-5.3686,-49.1178,73.31,95,92,0.54
323,Wanning,CN,2022-01-31 00:28:39,18.8003,110.3967,69.22,84,98,12.55
324,La Union,PE,2022-01-31 00:28:39,-5.4,-80.75,77.81,58,83,15.46
325,Hadejia,NG,2022-01-31 00:28:40,12.4498,10.0444,60.66,16,20,10.98
326,Sombrio,BR,2022-01-31 00:28:40,-29.1139,-49.6167,69.93,71,54,7.18
327,Thompson,CA,2022-01-31 00:26:36,55.7435,-97.8558,-0.24,85,20,3.44
328,Victoria,HK,2022-01-31 00:28:06,22.2855,114.1577,59.25,77,93,4.0
329,Tondano,ID,2022-01-31 00:28:41,1.3038,124.9112,73.49,79,96,4.76
330,Ulaangom,MN,2022-01-31 00:28:41,49.9811,92.0667,-25.96,93,92,3.06
331,Petropavlovsk-Kamchatskiy,RU,2022-01-31 00:28:42,53.0452,158.6483,18.19,79,75,8.95
332,Lamballe,FR,2022-01-31 00:28:42,48.4676,-2.5144,47.8,95,56,13.49
333,The Valley,AI,2022-01-31 00:28:43,18.217,-63.0578,78.66,74,5,11.61
334,Kirillov,RU,2022-01-31 00:28:43,59.863,38.3813,14.0,95,100,7.94
335,Korla,CN,2022-01-31 00:28:43,41.7597,86.1469,23.27,57,100,3.15
336,Lagoa,PT,2022-01-31 00:28:44,39.05,-27.9833,58.44,72,33,24.54
337,Saint George,US,2022-01-31 00:24:06,37.1041,-113.5841,61.63,17,0,1.99
338,Flinders,AU,2022-01-31 00:28:44,-34.5833,150.8552,85.17,67,11,5.01
339,Puerto Maldonado,PE,2022-01-31 00:28:45,-12.6,-69.1833,75.6,94,75,2.3
340,Nalut,LY,2022-01-31 00:28:45,30.3333,10.85,41.95,52,0,2.04
341,Awbari,LY,2022-01-31 00:28:46,26.5921,12.7805,45.25,49,0,4.47
342,Enshi,CN,2022-01-31 00:28:46,30.3,109.4833,37.69,97,97,0.74
343,Valverde Del Camino,ES,2022-01-31 00:28:46,37.5751,-6.7543,52.84,47,32,4.38
344,Bonavista,CA,2022-01-31 00:28:47,48.6499,-53.1147,37.11,75,100,34.27
345,Atasu,KZ,2022-01-31 00:28:47,48.6814,71.6433,14.68,96,100,8.68
346,Dinar,TR,2022-01-31 00:27:42,38.065,30.1656,35.38,99,100,1.7
347,Medicine Hat,CA,2022-01-31 00:26:04,50.0501,-110.6683,47.91,56,75,6.91
348,Ivankiv,UA,2022-01-31 00:28:48,50.9386,29.8943,32.25,94,100,15.26
349,Mana,GF,2022-01-31 00:28:48,5.6592,-53.7767,76.33,85,84,10.63
350,Jimma,ET,2022-01-31 00:28:49,7.6667,36.8333,60.13,52,53,1.07
351,Pori,FI,2022-01-31 00:28:49,61.4833,21.7833,23.07,93,100,8.05
352,Isiro,CD,2022-01-31 00:28:49,2.7739,27.616,66.74,36,95,1.86
353,Maceio,BR,2022-01-31 00:28:50,-9.6658,-35.7353,80.04,89,20,3.44
354,Madang,PG,2022-01-31 00:28:50,-5.2246,145.7966,82.65,72,93,5.57
355,Inverness,GB,2022-01-31 00:28:51,57.4791,-4.224,42.22,81,75,26.46
356,Batagay-Alyta,RU,2022-01-31 00:28:51,67.8006,130.4114,-22.02,94,63,2.71
357,Orsha,BY,2022-01-31 00:28:51,54.5153,30.4053,29.39,96,97,6.22
358,Cabedelo,BR,2022-01-31 00:28:52,-6.9811,-34.8339,79.47,75,11,11.01
359,Muncar,ID,2022-01-31 00:28:52,-8.4333,114.3333,78.55,86,100,2.26
360,Fare,PF,2022-01-31 00:28:52,-16.7,-151.0167,80.62,71,10,8.37
361,Lompoc,US,2022-01-31 00:28:53,34.6391,-120.4579,69.12,66,0,12.66
362,Volksrust,ZA,2022-01-31 00:28:53,-27.3654,29.8818,58.08,98,99,2.64
363,Muswellbrook,AU,2022-01-31 00:28:54,-32.2667,150.9,87.33,67,95,0.72
364,Russell,US,2022-01-31 00:28:54,32.3502,-85.1999,55.0,50,0,4.61
365,Portland,US,2022-01-31 00:25:58,45.5234,-122.6762,54.63,79,100,5.01
366,Lichinga,MZ,2022-01-31 00:28:55,-13.3128,35.2406,64.49,94,75,10.36
367,Tavares,US,2022-01-31 00:28:55,28.8042,-81.7256,51.71,38,0,1.01
368,Puerto Del Rosario,ES,2022-01-31 00:28:55,28.5004,-13.8627,62.35,72,0,14.97
369,Meadow Lake,US,2022-01-31 00:28:56,34.8014,-106.5436,45.12,68,100,1.43
370,Miramar,US,2022-01-31 00:29:56,25.9873,-80.2323,56.05,41,0,6.91
371,Katsuura,JP,2022-01-31 00:28:08,35.1333,140.3,46.18,47,100,12.53
372,Jaguaruana,BR,2022-01-31 00:29:57,-4.8339,-37.7811,79.05,80,79,8.55
373,Shawville,CA,2022-01-31 00:29:57,45.6001,-76.4827,9.82,96,80,2.19
374,Poronaysk,RU,2022-01-31 00:29:57,49.2167,143.1167,8.2,86,97,3.98
375,Sola,VU,2022-01-31 00:29:58,-13.8833,167.55,88.47,74,75,3.44
376,Hirara,JP,2022-01-31 00:29:58,24.8,125.2833,60.66,58,75,13.8
377,Luena,AO,2022-01-31 00:29:59,-11.7833,19.9167,63.27,77,100,3.94
378,Marrakesh,MA,2022-01-31 00:29:59,31.6315,-8.0083,68.07,40,75,12.66
379,Goderich,CA,2022-01-31 00:29:59,43.7501,-81.7165,25.92,68,71,4.61
380,Nizwa,OM,2022-01-31 00:30:00,22.9333,57.5333,65.82,45,0,0.92
381,Sembakung,ID,2022-01-31 00:30:00,3.8167,117.25,80.53,96,100,1.57
382,Arequipa,PE,2022-01-31 00:28:23,-16.3989,-71.535,55.47,82,100,10.36
383,Chapais,CA,2022-01-31 00:30:01,49.7834,-74.8492,-4.22,93,98,6.73
384,Ahipara,NZ,2022-01-31 00:30:02,-35.1667,173.1667,75.83,55,100,14.56
385,Mizdah,LY,2022-01-31 00:30:03,31.4451,12.9801,42.51,67,0,7.38
386,Andenes,NO,2022-01-31 00:30:04,69.3143,16.1194,26.58,93,20,13.8
387,Kaili,ID,2022-01-31 00:30:05,-3.4626,120.2147,76.62,64,100,1.81
388,Ossora,RU,2022-01-31 00:30:05,59.2353,163.0719,26.58,92,100,32.28
389,Outlook,CA,2022-01-31 00:30:06,51.5001,-107.0513,26.29,91,100,4.59
390,College,US,2022-01-31 00:30:07,64.8569,-147.8028,-7.78,74,20,0.0
391,Grand-Lahou,CI,2022-01-31 00:30:08,5.1367,-5.0242,78.06,89,59,3.91
392,Gardner,US,2022-01-31 00:30:08,42.5751,-71.9981,9.88,74,11,3.67
393,Balvi,LV,2022-01-31 00:30:09,57.1313,27.2658,28.18,99,100,1.61
394,Bentonville,US,2022-01-31 00:27:17,36.3728,-94.2088,50.22,40,1,0.0
395,Raudeberg,NO,2022-01-31 00:30:09,61.9875,5.1352,32.67,68,100,1.01
396,Nago,JP,2022-01-31 00:30:10,26.5881,127.9761,59.16,59,86,15.79
397,Tiarei,PF,2022-01-31 00:30:10,-17.5333,-149.3333,86.02,74,85,10.49
398,Sunbury,AU,2022-01-31 00:30:11,-37.5833,144.7333,86.68,64,20,3.0
399,Zhob,PK,2022-01-31 00:30:11,31.3411,69.4481,46.87,46,0,6.78
400,Krasnoye,UA,2022-01-31 00:30:12,49.9145,24.6134,34.95,86,100,26.15
401,Soller,ES,2022-01-31 00:30:12,39.7662,2.7152,51.35,48,0,5.1
402,Jertih,MY,2022-01-31 00:30:13,5.7336,102.4897,73.27,75,94,3.0
403,Pastavy,BY,2022-01-31 00:30:13,55.1168,26.8326,28.81,99,100,4.92
404,Lasa,IT,2022-01-31 00:30:13,46.6166,10.7002,42.26,36,4,5.37
405,Minab,IR,2022-01-31 00:30:14,27.1467,57.0801,58.5,78,0,2.21
406,Nabire,ID,2022-01-31 00:30:14,-3.3667,135.4833,81.14,69,100,1.25
407,Santa Rosa,PH,2022-01-31 00:29:03,14.3122,121.1114,84.09,71,74,12.26
408,Bathsheba,BB,2022-01-31 00:30:15,13.2167,-59.5167,77.61,73,75,10.36
409,Puerto Escondido,MX,2022-01-31 00:30:15,15.85,-97.0667,77.2,81,0,4.34
410,Tucuman,AR,2022-01-31 00:30:15,-26.8241,-65.2226,75.2,88,100,2.3
411,Bandundu,CD,2022-01-31 00:30:16,-3.3167,17.3667,74.55,82,91,3.11
412,General Jose Eduvigis Diaz,PY,2022-01-31 00:30:16,-27.1667,-58.4167,86.04,30,0,3.51
413,Shetpe,KZ,2022-01-31 00:30:17,44.1667,52.1167,34.95,93,98,7.14
414,Bonnyville,CA,2022-01-31 00:30:17,54.2668,-110.735,31.8,97,100,2.35
415,Nueva Loja,EC,2022-01-31 00:30:18,0.0847,-76.8828,74.62,87,100,3.8
416,Saint-Ambroise,CA,2022-01-31 00:30:18,48.5501,-71.3324,5.54,98,90,2.89
417,Antalaha,MG,2022-01-31 00:31:19,-14.9003,50.2788,75.33,86,12,7.18
418,Teknaf,BD,2022-01-31 00:31:19,20.8624,92.3058,57.49,67,70,7.78
419,Ust-Omchug,RU,2022-01-31 00:31:20,61.15,149.6333,-6.5,97,100,8.1
420,San Juan,AR,2022-01-31 00:28:28,-31.5375,-68.5364,88.81,26,2,14.0
421,Shirokovskiy,RU,2022-01-31 00:31:20,58.8424,57.7832,8.96,98,100,2.42
422,Plettenberg Bay,ZA,2022-01-31 00:31:20,-34.0527,23.3716,68.54,91,96,0.94
423,Fortuna Foothills,US,2022-01-31 00:31:21,32.6578,-114.4119,73.49,13,0,0.0
424,Hamilton,US,2022-01-31 00:27:07,39.1834,-84.5333,32.85,70,1,1.01
425,Juan Lacaze,UY,2022-01-31 00:31:21,-34.4342,-57.4381,71.11,58,0,8.59
426,Namatanai,PG,2022-01-31 00:31:22,-3.6667,152.4333,84.15,72,97,4.68
427,Piterka,RU,2022-01-31 00:31:22,50.6803,47.4454,19.18,96,100,8.75
428,Lahij,YE,2022-01-31 00:31:23,13.1667,44.5833,69.57,82,100,7.27
429,Conceicao Do Araguaia,BR,2022-01-31 00:31:23,-8.2578,-49.2647,72.79,94,100,3.29
430,Quelimane,MZ,2022-01-31 00:31:23,-17.8786,36.8883,76.95,94,40,0.0
431,Sinnamary,GF,2022-01-31 00:31:24,5.3833,-52.95,76.59,86,60,12.1
432,Barcelos,PT,2022-01-31 00:31:24,41.5388,-8.6151,47.84,62,0,3.83
433,Inhambane,MZ,2022-01-31 00:31:25,-23.865,35.3833,73.9,82,19,6.02
434,Gazanjyk,TM,2022-01-31 00:31:25,39.2446,55.5154,40.51,63,10,5.28
435,Petawawa,CA,2022-01-31 00:31:24,45.9001,-77.3328,3.78,75,97,2.57
436,Pemangkat,ID,2022-01-31 00:31:26,1.1667,108.9667,78.28,84,100,6.82
437,Aqtobe,KZ,2022-01-31 00:28:29,50.2797,57.2072,24.89,86,100,13.42
438,Quimper,FR,2022-01-31 00:31:26,48.0,-4.1,51.6,100,100,11.5
439,Braganca Paulista,BR,2022-01-31 00:31:27,-22.94,-46.5556,66.76,97,95,1.7
440,Bulawayo,ZW,2022-01-31 00:31:27,-20.15,28.5833,61.86,88,58,9.66
441,Ancud,CL,2022-01-31 00:31:28,-41.8697,-73.8203,58.53,70,32,7.96
442,Zimovniki,RU,2022-01-31 00:31:28,47.1483,42.4633,32.76,87,100,17.13
443,Yuxia,CN,2022-01-31 00:31:28,34.0615,108.6291,27.21,36,13,1.79
444,Middleton,GB,2022-01-31 00:26:38,53.55,-2.2,45.39,86,94,24.43
445,Singuilucan,MX,2022-01-31 00:31:29,19.9667,-98.5167,51.8,55,2,4.65
446,Bertoua,CM,2022-01-31 00:29:17,4.5833,13.6833,67.35,31,93,3.29
447,Lethem,GY,2022-01-31 00:31:30,3.3803,-59.7968,81.57,56,47,11.48
448,Aksu,CN,2022-01-31 00:31:30,41.1231,80.2644,20.95,59,2,2.04
449,Kungurtug,RU,2022-01-31 00:31:31,50.5994,97.5228,-24.14,97,19,1.48
450,Lavrentiya,RU,2022-01-31 00:28:12,65.5833,-171.0,-5.85,92,31,3.94
451,Santa Rosa De Lima,SV,2022-01-31 00:31:31,13.6247,-87.8936,86.05,56,0,7.67
452,Marsa Matruh,EG,2022-01-31 00:31:32,31.3525,27.2453,56.71,71,16,23.26
453,Kouango,CF,2022-01-31 00:31:32,4.9934,19.9619,72.82,25,22,2.68
454,Pompeu,BR,2022-01-31 00:29:53,-19.2244,-44.9353,68.13,88,100,1.72
455,Khasan,RU,2022-01-31 00:31:33,42.4308,130.6434,20.75,44,0,16.82
456,Omsukchan,RU,2022-01-31 00:31:33,62.5333,155.8,-12.86,98,83,6.13
457,Englewood,US,2022-01-31 00:27:09,39.6478,-104.9878,48.85,37,20,6.91
458,Kenora,CA,2022-01-31 00:31:34,49.8167,-94.4337,15.19,79,75,10.36
459,Willmar,US,2022-01-31 00:31:35,45.1219,-95.0433,17.28,79,77,8.05
460,Concepcion,CL,2022-01-31 00:31:35,-36.827,-73.0498,57.97,69,0,7.52
461,Rorvik,NO,2022-01-31 00:31:35,64.8621,11.2373,36.05,52,100,4.25
462,Laguna,US,2022-01-31 00:31:36,38.421,-121.4238,63.43,55,0,1.01
463,Nambucca Heads,AU,2022-01-31 00:31:36,-30.65,153.0,85.17,72,10,9.26
464,Cedar City,US,2022-01-31 00:30:28,37.6775,-113.0619,45.57,26,0,0.0
465,Pasighat,IN,2022-01-31 00:32:37,28.0667,95.3333,51.24,61,5,2.64
466,Palora,EC,2022-01-31 00:32:37,-1.7,-77.9333,66.6,94,100,2.68
467,Diamantino,BR,2022-01-31 00:32:38,-14.4086,-56.4461,71.92,97,100,8.55
468,Buin,CL,2022-01-31 00:32:38,-33.7333,-70.75,75.74,65,0,3.2
469,Sikonge,TZ,2022-01-31 00:32:39,-5.6333,32.7667,64.0,98,100,5.48
470,Qaqortoq,GL,2022-01-31 00:32:39,60.7167,-46.0333,21.7,86,100,19.75
471,Makakilo City,US,2022-01-31 00:32:39,21.3469,-158.0858,79.12,53,100,14.97
472,Kenai,US,2022-01-31 00:32:40,60.5544,-151.2583,24.03,83,0,0.0
473,Tazovskiy,RU,2022-01-31 00:32:14,67.4667,78.7,-3.86,97,100,8.99
474,Liverpool,GB,2022-01-31 00:28:08,53.4106,-2.9779,46.69,78,75,15.99
475,Tianpeng,CN,2022-01-31 00:32:40,30.9866,103.9393,32.47,72,100,1.28
476,Santa Lucia,ES,2022-01-31 00:32:41,27.9117,-15.5407,52.92,72,0,2.3
477,Shumyachi,RU,2022-01-31 00:32:41,53.8583,32.4242,29.66,97,100,6.67
478,Kholtoson,RU,2022-01-31 00:32:42,50.2981,103.3097,-13.09,96,27,3.62
479,Garissa,KE,2022-01-31 00:32:42,-0.4536,39.6401,75.78,74,72,8.48
480,Dhidhdhoo,MV,2022-01-31 00:32:43,6.8833,73.1,81.25,76,23,8.95
481,Kytmanovo,RU,2022-01-31 00:32:43,53.4593,85.4479,-7.6,100,92,2.19
482,Rafai,CF,2022-01-31 00:32:44,4.95,23.9167,69.44,31,16,3.69
483,Murgab,TM,2022-01-31 00:32:44,37.4966,61.9714,33.67,80,0,4.61
484,Koslan,RU,2022-01-31 00:32:45,63.4564,48.8989,-2.13,100,99,3.38
485,Esqueda,MX,2022-01-31 00:32:45,30.7167,-109.5833,54.5,25,0,8.01
486,Bumba,CD,2022-01-31 00:32:45,2.1833,22.4667,70.84,39,100,1.95
487,Kita,ML,2022-01-31 00:32:46,13.0349,-9.4895,75.0,13,10,5.91
488,Nakhon Phanom,TH,2022-01-31 00:32:46,17.3333,104.4167,67.8,71,55,8.68
489,Porto Nacional,BR,2022-01-31 00:32:47,-10.7081,-48.4172,78.8,93,100,1.68
490,Conakry,GN,2022-01-31 00:28:15,9.538,-13.6773,80.67,83,20,4.61
491,Indramayu,ID,2022-01-31 00:32:47,-6.3264,108.32,79.86,83,100,7.49
492,Namibe,AO,2022-01-31 00:32:48,-15.1961,12.1522,70.92,77,83,6.67
493,Miraflores,MX,2022-01-31 00:32:49,19.2167,-98.8083,69.03,60,18,5.23
494,Youghal,IE,2022-01-31 00:32:49,51.95,-7.8506,44.67,93,72,19.71
495,Vetluga,RU,2022-01-31 00:32:49,57.8557,45.781,11.44,97,89,4.88
496,Uige,AO,2022-01-31 00:32:50,-7.6087,15.0613,65.46,99,98,1.14
497,Vanavara,RU,2022-01-31 00:32:50,60.34,102.2797,-16.65,100,100,2.06
498,Stadtallendorf,DE,2022-01-31 00:32:50,50.8333,9.0167,37.13,85,100,10.02
499,Henties Bay,NA,2022-01-31 00:32:51,-22.116,14.2845,66.85,80,93,7.4
500,Sfantu Gheorghe,RO,2022-01-31 00:32:35,45.8667,25.7833,33.66,93,100,17.69
501,Moose Factory,CA,2022-01-31 00:32:52,51.2585,-80.6094,-11.2,70,40,8.05
502,Celestun,MX,2022-01-31 00:32:52,20.8667,-90.4,67.73,62,0,13.51
503,Prado,BR,2022-01-31 00:32:53,-17.3411,-39.2208,78.76,86,44,12.1
504,Misratah,LY,2022-01-31 00:32:53,32.3754,15.0925,54.7,72,0,15.43
505,Utiel,ES,2022-01-31 00:32:54,39.5667,-1.2,46.31,27,3,5.12
506,El Alto,PE,2022-01-31 00:32:54,-4.2714,-81.2147,69.89,79,100,7.9
507,Alice Springs,AU,2022-01-31 00:32:04,-23.7,133.8833,76.55,94,75,9.22
508,Portales,US,2022-01-31 00:32:55,34.1862,-103.3344,50.99,26,100,8.5
509,Hami,CN,2022-01-31 00:33:55,42.8,93.45,21.13,43,78,1.59
510,Nyazepetrovsk,RU,2022-01-31 00:33:55,56.0531,59.6028,4.06,98,85,2.39
511,Vilyuysk,RU,2022-01-31 00:33:56,63.7553,121.6247,-26.48,99,92,4.45
512,Balakliya,UA,2022-01-31 00:33:56,49.4627,36.8595,32.83,89,98,15.1
513,Uri,IN,2022-01-31 00:33:57,34.0833,74.0333,37.9,69,90,6.04
514,Berlevag,NO,2022-01-31 00:33:57,70.8578,29.0864,29.43,66,75,8.32
515,Osmena,PH,2022-01-31 00:33:57,10.5208,119.9258,80.51,77,94,4.14
516,Shaoxing,CN,2022-01-31 00:33:58,30.011,120.5715,37.94,72,100,0.43
517,Margate,GB,2022-01-31 00:33:41,51.3813,1.3862,46.96,84,60,8.01
518,Nanganga,TZ,2022-01-31 00:33:58,-10.3833,39.15,71.17,97,69,1.95
519,Owando,CG,2022-01-31 00:33:59,-0.4819,15.8999,70.93,47,75,3.29
520,Kaka,TM,2022-01-31 00:34:00,37.3482,59.6143,38.98,64,0,5.99
521,Chunoyar,RU,2022-01-31 00:34:00,57.4467,97.3217,-9.27,100,99,1.12
522,Altay,CN,2022-01-31 00:34:01,47.8667,88.1167,3.11,55,67,6.93
523,Puerto Cabezas,NI,2022-01-31 00:34:01,14.0351,-83.3888,73.47,78,4,15.14
524,Kindu,CD,2022-01-31 00:34:02,-2.95,25.95,70.88,94,100,3.06
525,Vernon,CA,2022-01-31 00:31:14,50.2581,-119.2691,33.98,74,100,1.99
526,Catalina,US,2022-01-31 00:34:02,32.5056,-110.9211,64.89,28,0,1.01
527,Ola,RU,2022-01-31 00:33:11,59.5833,151.2833,7.84,79,100,14.29
528,Esso,RU,2022-01-31 00:34:03,55.9333,158.7,18.41,94,100,6.11
529,Cradock,ZA,2022-01-31 00:34:04,-32.1642,25.6192,76.66,48,100,2.71
530,La Paz,BO,2022-01-31 00:34:04,-16.5,-68.15,51.78,87,75,5.75
531,Marzuq,YE,2022-01-31 00:34:04,14.4,46.4667,58.64,82,93,4.94
532,Lithgow,AU,2022-01-31 00:34:05,-33.4833,150.15,77.47,65,39,0.36
533,Jinka,ET,2022-01-31 00:34:05,5.65,36.65,65.79,33,100,1.39
534,Mandalgovi,MN,2022-01-31 00:34:06,45.7625,106.2708,-0.54,77,8,7.34
535,Narrabri,AU,2022-01-31 00:34:06,-30.3167,149.7833,87.53,59,44,3.0
536,Sistranda,NO,2022-01-31 00:34:06,63.7256,8.834,31.89,72,100,8.28
537,Somerset,US,2022-01-31 00:34:07,40.5668,-74.5496,24.12,59,0,1.01
538,Manado,ID,2022-01-31 00:34:07,1.487,124.8455,84.97,74,20,2.3
539,Kefar Yona,IL,2022-01-31 00:34:07,32.3167,34.9351,49.24,68,100,5.21
540,Coihaique,CL,2022-01-31 00:31:26,-45.5752,-72.0662,51.75,58,40,8.05
541,Minsk,BY,2022-01-31 00:34:08,53.9,27.5667,29.95,98,100,6.98
542,Okha,RU,2022-01-31 00:34:08,53.5739,142.9478,10.94,92,100,21.41
543,Tauranga,NZ,2022-01-31 00:31:00,-37.6861,176.1667,84.74,42,27,5.01
544,Longyan,CN,2022-01-31 00:34:09,25.1072,117.0225,45.28,70,100,2.64
545,Sabang,ID,2022-01-31 00:34:09,5.8933,95.3214,80.89,76,95,7.87
546,Port Hedland,AU,2022-01-31 00:34:10,-20.3167,118.5667,87.85,66,100,10.36
547,Poum,NC,2022-01-31 00:34:10,-20.2333,164.0167,80.49,74,100,9.78
548,Turukhansk,RU,2022-01-31 00:34:11,65.8167,87.9833,-1.84,93,99,10.8
