City_ID,City,Lat,Lng,Max Temp,Humidity,Cloudiness,Wind Speed,Country,Date,Description
0,Punta Arenas,-53.15,-70.9167,48.31,71,75,8.05,CL,2022-02-02 22:50:20,broken clouds
1,Berlevag,70.8578,29.0864,26.85,64,100,11.88,NO,2022-02-02 22:51:56,light snow
2,Ponta Do Sol,32.6667,-17.1,67.01,77,100,6.08,PT,2022-02-02 22:49:14,overcast clouds
3,Bilibino,68.0546,166.4372,-6.84,63,49,4.9,RU,2022-02-02 22:51:57,scattered clouds
4,Carnarvon,-24.8667,113.6333,77.07,88,67,11.5,AU,2022-02-02 22:50:11,broken clouds
5,Lorengau,-2.0226,147.2712,80.26,80,100,11.54,PG,2022-02-02 22:48:56,light rain
6,Busselton,-33.65,115.3333,68.04,44,100,14.58,AU,2022-02-02 22:51:57,overcast clouds
7,Lebu,-37.6167,-73.65,62.28,83,50,11.03,CL,2022-02-02 22:50:20,scattered clouds
8,Avarua,-21.2078,-159.775,84.25,79,40,18.41,CK,2022-02-02 22:49:25,scattered clouds
9,Ushuaia,-54.8,-68.3,44.26,57,75,25.32,AR,2022-02-02 22:51:58,broken clouds
10,Torbay,47.6666,-52.7314,24.39,85,20,8.05,CA,2022-02-02 22:51:36,few clouds
11,Yellowknife,62.456,-114.3525,-24.45,75,20,3.44,CA,2022-02-02 22:51:32,few clouds
12,Victoria,22.2855,114.1577,59.95,93,100,1.01,HK,2022-02-02 22:48:18,overcast clouds
13,Albany,42.6001,-73.9662,42.48,77,86,5.55,US,2022-02-02 22:51:59,overcast clouds
14,Sortland,68.6949,15.4162,19.58,79,99,4.41,NO,2022-02-02 22:51:59,overcast clouds
15,Qasigiannguit,68.8193,-51.1922,-10.7,65,66,11.81,GL,2022-02-02 22:50:49,broken clouds
16,Roma,43.2128,-75.4557,42.66,67,0,8.05,US,2022-02-02 22:52:00,clear sky
17,Dikson,73.5069,80.5464,-8.01,98,93,10.04,RU,2022-02-02 22:52:00,overcast clouds
18,Barrow,71.2906,-156.7887,-20.18,69,0,3.44,US,2022-02-02 22:49:30,clear sky
19,Chumikan,54.7183,135.315,-13.32,87,78,12.41,RU,2022-02-02 22:52:01,broken clouds
20,Lokoja,7.8024,6.743,79.29,18,9,2.75,NG,2022-02-02 22:52:01,clear sky
21,Hermanus,-34.4187,19.2345,65.89,87,4,12.1,ZA,2022-02-02 22:51:38,clear sky
22,Cherskiy,68.75,161.3,-16.02,67,60,0.94,RU,2022-02-02 22:52:02,broken clouds
23,Castro,-24.7911,-50.0119,65.95,92,40,5.7,BR,2022-02-02 22:49:36,scattered clouds
24,Tazovskiy,67.4667,78.7,-14.57,99,95,9.08,RU,2022-02-02 22:52:02,overcast clouds
25,Severo-Kurilsk,50.6789,156.125,29.14,78,98,7.54,RU,2022-02-02 22:48:42,overcast clouds
26,Ribeira Grande,38.5167,-28.7,59.68,74,9,9.6,PT,2022-02-02 22:52:03,clear sky
27,Ahipara,-35.1667,173.1667,75.31,68,100,13.33,NZ,2022-02-02 22:52:03,overcast clouds
28,Huambo,-12.7761,15.7392,63.79,74,92,3.0,AO,2022-02-02 22:51:25,overcast clouds
29,Sorland,67.667,12.6934,28.53,59,100,15.55,NO,2022-02-02 22:52:04,overcast clouds
30,Camacha,33.0833,-16.3333,63.54,94,40,10.36,PT,2022-02-02 22:52:04,scattered clouds
31,Guerrero Negro,27.9769,-114.0611,64.6,44,2,13.82,MX,2022-02-02 22:47:25,clear sky
32,Rikitea,-23.1203,-134.9692,78.66,72,100,7.27,PF,2022-02-02 22:52:05,overcast clouds
33,Bredasdorp,-34.5322,20.0403,69.12,73,39,1.14,ZA,2022-02-02 22:52:05,scattered clouds
34,Mar Del Plata,-38.0023,-57.5575,78.82,61,0,6.91,AR,2022-02-02 22:48:43,clear sky
35,Bay Saint Louis,30.3088,-89.33,67.14,98,100,7.14,US,2022-02-02 22:51:05,overcast clouds
36,Bilma,18.6853,12.9164,59.65,18,0,17.36,NE,2022-02-02 22:52:06,clear sky
37,Iqaluit,63.7506,-68.5145,8.33,85,100,9.22,CA,2022-02-02 22:52:06,light snow
38,Alta Floresta,-9.8756,-56.0861,75.02,100,100,1.14,BR,2022-02-02 22:50:07,overcast clouds
39,Atocha,-20.9333,-66.2333,54.55,58,42,9.42,BO,2022-02-02 22:52:07,scattered clouds
40,Laguna,38.421,-121.4238,62.4,28,0,8.99,US,2022-02-02 22:49:15,clear sky
41,Mataura,-46.1927,168.8643,58.48,92,100,3.98,NZ,2022-02-02 22:49:15,light rain
42,Straumen,63.8709,11.2999,27.63,91,100,5.26,NO,2022-02-02 22:49:24,overcast clouds
43,Sovetskiy,61.3614,63.5842,20.98,95,100,6.22,RU,2022-02-02 22:52:08,overcast clouds
44,Waipawa,-41.4122,175.5153,74.03,57,92,12.35,NZ,2022-02-02 22:50:25,overcast clouds
45,Port Blair,11.6667,92.75,77.04,78,20,4.61,IN,2022-02-02 22:52:09,mist
46,Alyangula,-13.8483,136.4192,82.27,83,100,11.5,AU,2022-02-02 22:52:09,overcast clouds
47,Atuona,-9.8,-139.0333,78.39,76,94,15.35,PF,2022-02-02 22:52:09,light rain
48,Cabatuan,10.8794,122.486,75.02,90,98,10.85,PH,2022-02-02 22:52:10,overcast clouds
49,Casa Nova,-9.4167,-41.1333,80.58,47,92,4.92,BR,2022-02-02 22:52:12,overcast clouds
50,Ramjibanpur,22.8333,87.6167,62.65,63,0,5.32,IN,2022-02-02 22:53:10,clear sky
51,Komsomolskiy,40.4272,71.7189,38.12,81,75,4.61,UZ,2022-02-02 22:51:55,broken clouds
52,Ballina,-28.8667,153.5667,75.16,96,100,6.91,AU,2022-02-02 22:53:11,overcast clouds
53,Brenham,30.1669,-96.3977,73.08,72,100,6.91,US,2022-02-02 22:53:11,mist
54,Villa Carlos Paz,-31.4241,-64.4978,77.05,34,95,1.01,AR,2022-02-02 22:51:42,overcast clouds
55,Cabo San Lucas,22.8909,-109.9124,75.51,69,27,3.0,MX,2022-02-02 22:51:30,scattered clouds
56,Dunhua,43.3725,128.2425,-3.86,93,30,5.5,CN,2022-02-02 22:53:12,scattered clouds
57,Haradok,55.4624,29.9816,23.54,97,100,3.94,BY,2022-02-02 22:53:12,light snow
58,Namibe,-15.1961,12.1522,72.5,71,84,10.76,AO,2022-02-02 22:53:13,broken clouds
59,Cockburn Town,21.4612,-71.1419,73.36,83,75,16.11,TC,2022-02-02 22:53:13,broken clouds
60,Cape Town,-33.9258,18.4232,66.11,91,40,1.01,ZA,2022-02-02 22:53:14,scattered clouds
61,Saskylakh,71.9167,114.0833,-30.6,100,28,3.04,RU,2022-02-02 22:53:14,scattered clouds
62,Vila Velha,-20.3297,-40.2925,80.55,82,0,4.61,BR,2022-02-02 22:49:52,clear sky
63,Esperance,-33.8667,121.9,58.84,64,4,16.13,AU,2022-02-02 22:50:03,clear sky
64,Canon City,38.441,-105.2424,18.18,86,100,5.99,US,2022-02-02 22:53:15,overcast clouds
65,Black River,18.0264,-77.8487,80.6,76,7,8.5,JM,2022-02-02 22:53:16,clear sky
66,Ilulissat,69.2167,-51.1,-8.21,55,88,16.73,GL,2022-02-02 22:53:16,overcast clouds
67,Codrington,-38.2667,141.9667,59.79,63,89,14.38,AU,2022-02-02 22:53:10,overcast clouds
68,Cedro,-6.6067,-39.0622,78.66,43,59,2.8,BR,2022-02-02 22:53:17,broken clouds
69,Dwarka,22.2394,68.9678,72.77,81,4,17.45,IN,2022-02-02 22:53:17,clear sky
70,Baie-Comeau,49.2168,-68.1489,33.8,93,100,8.05,CA,2022-02-02 22:53:18,overcast clouds
71,Pokhara,28.2333,83.9833,50.07,74,94,2.13,NP,2022-02-02 22:53:18,overcast clouds
72,Aloleng,16.1307,119.7824,75.42,74,7,9.93,PH,2022-02-02 22:53:18,clear sky
73,Khatanga,71.9667,102.5,-36.31,98,51,2.13,RU,2022-02-02 22:53:19,broken clouds
74,Parker,32.7668,-97.8003,35.91,92,100,5.99,US,2022-02-02 22:53:19,snow
75,Tomatlan,19.9333,-105.25,81.0,37,0,9.71,MX,2022-02-02 22:53:16,clear sky
76,Hobart,-42.8794,147.3294,61.05,58,75,1.99,AU,2022-02-02 22:53:20,broken clouds
77,Tuktoyaktuk,69.4541,-133.0374,-22.0,76,75,13.8,CA,2022-02-02 22:53:20,light snow
78,Chuy,-33.6971,-53.4616,71.89,81,0,12.88,UY,2022-02-02 22:51:09,clear sky
79,Puerto Ayora,-0.7393,-90.3518,82.36,89,31,4.0,EC,2022-02-02 22:48:51,scattered clouds
80,Fortuna,40.5982,-124.1573,58.48,73,0,3.0,US,2022-02-02 22:53:21,clear sky
81,Kattivakkam,13.2167,80.3167,76.06,76,6,4.5,IN,2022-02-02 22:53:21,clear sky
82,Asau,46.4333,26.4,22.28,89,87,6.24,RO,2022-02-02 22:51:25,overcast clouds
83,Kamiiso,41.8167,140.65,25.18,93,75,3.44,JP,2022-02-02 22:53:22,broken clouds
84,Batticaloa,7.7102,81.6924,76.14,70,77,2.64,LK,2022-02-02 22:53:22,broken clouds
85,Kirakira,-10.4544,161.9205,83.66,77,100,7.78,SB,2022-02-02 22:53:23,moderate rain
86,Kutum,14.2,24.6667,65.14,22,39,9.91,SD,2022-02-02 22:53:23,scattered clouds
87,Rio Gallegos,-51.6226,-69.2181,60.85,59,75,13.8,AR,2022-02-02 22:53:24,broken clouds
88,Shache,38.4167,77.2406,28.17,44,100,2.1,CN,2022-02-02 22:53:24,overcast clouds
89,Coquimbo,-29.9533,-71.3436,67.73,72,0,9.22,CL,2022-02-02 22:53:24,clear sky
90,Bluff,-46.6,168.3333,58.8,64,100,17.2,NZ,2022-02-02 22:53:25,overcast clouds
91,Butaritari,3.0707,172.7902,81.66,79,28,17.27,KI,2022-02-02 22:53:25,light rain
92,Port Alfred,-33.5906,26.891,73.44,96,100,7.96,ZA,2022-02-02 22:49:35,heavy intensity rain
93,Bethel,41.3712,-73.414,41.59,100,100,1.86,US,2022-02-02 22:52:50,overcast clouds
94,Alekseyevka,50.6309,38.6903,32.88,99,100,4.18,RU,2022-02-02 22:54:26,snow
95,Touros,-5.1989,-35.4608,83.3,72,33,12.86,BR,2022-02-02 22:52:23,scattered clouds
96,Avera,33.194,-82.5271,63.91,77,93,5.79,US,2022-02-02 22:54:26,overcast clouds
97,New Norfolk,-42.7826,147.0587,60.71,53,74,4.0,AU,2022-02-02 22:52:40,broken clouds
98,Miguel Auza,24.2933,-103.4503,69.94,19,7,22.12,MX,2022-02-02 22:54:27,clear sky
99,Heihe,50.2441,127.4902,-3.42,85,10,9.01,CN,2022-02-02 22:52:45,clear sky
100,Puerto Penasco,31.3167,-113.5333,59.92,14,0,14.0,MX,2022-02-02 22:54:28,clear sky
101,Kinel-Cherkassy,53.4706,51.4743,30.45,97,100,16.2,RU,2022-02-02 22:54:28,snow
102,Kaitangata,-46.2817,169.8464,54.03,94,100,5.06,NZ,2022-02-02 22:54:28,heavy intensity rain
103,Purranque,-40.9167,-73.1667,79.93,54,70,6.26,CL,2022-02-02 22:54:29,broken clouds
104,Talnakh,69.4865,88.3972,-7.55,99,93,6.22,RU,2022-02-02 22:51:39,overcast clouds
105,Hit,33.6416,42.8251,50.68,44,100,3.47,IQ,2022-02-02 22:54:29,overcast clouds
106,Olafsvik,64.8945,-23.7142,30.25,52,98,4.27,IS,2022-02-02 22:52:29,snow
107,Buala,-8.145,159.5921,81.88,80,100,8.34,SB,2022-02-02 22:54:01,moderate rain
108,Mahebourg,-20.4081,57.7,80.26,94,75,31.07,MU,2022-02-02 22:52:41,moderate rain
109,Bengkulu,-3.8004,102.2655,76.14,88,95,4.97,ID,2022-02-02 22:54:30,overcast clouds
110,Kruisfontein,-34.0033,24.7314,68.88,92,100,7.38,ZA,2022-02-02 22:54:31,light rain
111,Jamestown,42.097,-79.2353,39.09,67,100,1.99,US,2022-02-02 22:52:05,light rain
112,Havre-Saint-Pierre,50.2334,-63.5986,26.6,86,100,13.8,CA,2022-02-02 22:54:31,overcast clouds
113,The Pas,53.8251,-101.2541,-11.18,53,0,11.5,CA,2022-02-02 22:54:31,clear sky
114,Gannan,47.9147,123.5031,-6.12,85,24,6.24,CN,2022-02-02 22:54:32,few clouds
115,Zambezi,-13.5432,23.1047,66.25,86,100,2.89,ZM,2022-02-02 22:54:32,light rain
116,Luganville,-15.5333,167.1667,85.48,70,66,0.65,VU,2022-02-02 22:54:33,broken clouds
117,Baghdad,33.3406,44.4009,42.71,93,0,2.3,IQ,2022-02-02 22:54:33,clear sky
118,Vaini,-21.2,-175.2,86.16,74,40,5.75,TO,2022-02-02 22:52:44,scattered clouds
119,Aromashevo,56.8602,68.6375,12.65,97,98,8.19,RU,2022-02-02 22:54:33,overcast clouds
120,Belaya Gora,68.5333,146.4167,-29.33,100,92,2.82,RU,2022-02-02 22:54:34,overcast clouds
121,Ordzhonikidze,52.4411,61.7408,16.95,92,100,8.28,KZ,2022-02-02 22:54:34,overcast clouds
122,Coffs Harbour,-30.3,153.1333,71.87,94,75,12.66,AU,2022-02-02 22:54:35,broken clouds
123,Flinders,-34.5833,150.8552,69.19,69,76,11.99,AU,2022-02-02 22:54:35,broken clouds
124,Arraial Do Cabo,-22.9661,-42.0278,76.96,94,75,3.44,BR,2022-02-02 22:54:36,broken clouds
125,Nizwa,22.9333,57.5333,65.39,55,1,5.1,OM,2022-02-02 22:54:36,clear sky
126,Kindu,-2.95,25.95,69.08,88,100,0.67,CD,2022-02-02 22:54:36,overcast clouds
127,Cidreira,-30.1811,-50.2056,75.67,84,0,19.15,BR,2022-02-02 22:50:15,clear sky
128,Colesberg,-30.72,25.0972,69.73,74,46,14.72,ZA,2022-02-02 22:54:37,moderate rain
129,Itzehoe,53.921,9.5153,40.05,91,93,9.22,DE,2022-02-02 22:54:37,overcast clouds
130,Constitucion,-35.3333,-72.4167,62.73,77,38,7.92,CL,2022-02-02 22:50:01,scattered clouds
131,Bambous Virieux,-20.3428,57.7575,80.22,94,75,31.07,MU,2022-02-02 22:54:38,moderate rain
132,Twentynine Palms,34.1356,-116.0542,56.16,14,0,8.99,US,2022-02-02 22:54:38,clear sky
133,Geraldton,-28.7667,114.6,84.61,17,0,24.16,AU,2022-02-02 22:54:38,clear sky
134,Muravlenko,63.7898,74.523,13.78,95,100,11.41,RU,2022-02-02 22:54:39,light snow
135,San Cristobal,7.7669,-72.225,78.98,41,21,3.22,VE,2022-02-02 22:51:57,few clouds
136,El Paraiso,13.8667,-86.55,81.84,31,1,7.74,HN,2022-02-02 22:54:39,clear sky
137,Sfantu Gheorghe,45.8667,25.7833,29.82,98,100,2.42,RO,2022-02-02 22:54:40,light snow
138,Whitecourt,54.1502,-115.6855,-4.76,65,75,10.36,CA,2022-02-02 22:49:46,broken clouds
139,Guaratinga,-16.5667,-39.5667,79.47,95,94,3.4,BR,2022-02-02 22:54:40,overcast clouds
140,Saint-Philippe,-21.3585,55.7679,80.19,95,100,36.08,RE,2022-02-02 22:55:17,heavy intensity rain
141,Georgetown,5.4112,100.3354,80.53,90,20,3.0,MY,2022-02-02 22:54:37,few clouds
142,Airai,-8.9266,125.4092,62.89,85,100,2.77,TL,2022-02-02 22:51:43,moderate rain
143,Thompson,55.7435,-97.8558,-9.24,59,20,12.66,CA,2022-02-02 22:55:41,few clouds
144,Cordoba,-31.4135,-64.1811,80.42,68,40,8.05,AR,2022-02-02 22:51:36,scattered clouds
145,Tilichiki,60.4667,166.1,2.55,82,100,10.56,RU,2022-02-02 22:55:42,overcast clouds
146,Port Lincoln,-34.7333,135.8667,64.8,68,23,16.31,AU,2022-02-02 22:55:42,few clouds
147,Upernavik,72.7868,-56.1549,-8.32,67,97,9.95,GL,2022-02-02 22:55:42,overcast clouds
148,Ranong,9.9658,98.6348,76.95,84,54,3.89,TH,2022-02-02 22:55:43,broken clouds
149,Paita,-5.0892,-81.1144,81.16,72,3,19.3,PE,2022-02-02 22:55:43,clear sky
150,Belaya Kholunitsa,58.84,50.8528,20.44,94,100,7.7,RU,2022-02-02 22:55:44,snow
151,San Bartolome De Tirajana,27.9248,-15.5733,61.27,71,20,26.46,ES,2022-02-02 22:55:44,few clouds
152,Ixtapa,20.7,-105.2,75.22,73,1,5.01,MX,2022-02-02 22:50:52,clear sky
153,Norman Wells,65.282,-126.8329,-21.96,69,75,13.8,CA,2022-02-02 22:50:45,broken clouds
154,Hilo,19.7297,-155.09,79.11,80,28,3.0,US,2022-02-02 22:55:45,scattered clouds
155,Nhulunbuy,-12.2333,136.7667,83.01,83,100,10.36,AU,2022-02-02 22:51:47,overcast clouds
156,Port Elizabeth,-33.918,25.5701,71.1,100,75,8.05,ZA,2022-02-02 22:55:28,broken clouds
157,Nalut,30.3333,10.85,44.62,55,1,9.98,LY,2022-02-02 22:55:45,clear sky
158,Zhengjiatun,43.5064,123.5064,-3.59,87,4,5.1,CN,2022-02-02 22:55:46,clear sky
159,Malaya Vishera,58.8454,32.2222,8.08,99,99,1.86,RU,2022-02-02 22:55:46,overcast clouds
160,Lavrentiya,65.5833,-171.0,1.06,68,0,22.32,RU,2022-02-02 22:55:46,clear sky
161,Kaeo,-35.1,173.7833,73.33,84,99,11.83,NZ,2022-02-02 22:55:47,overcast clouds
162,Alfred,42.2542,-77.7906,38.39,71,100,8.99,US,2022-02-02 22:55:47,overcast clouds
163,Sinnamary,5.3833,-52.95,78.37,82,67,11.97,GF,2022-02-02 22:55:48,light rain
164,Kapaa,22.0752,-159.319,80.11,59,3,1.01,US,2022-02-02 22:54:05,clear sky
165,Bereda,43.2686,-7.5406,47.91,96,95,1.9,ES,2022-02-02 22:55:48,overcast clouds
166,Puerto Escondido,15.85,-97.0667,81.55,62,3,7.76,MX,2022-02-02 22:52:33,clear sky
167,Smithers,54.7804,-127.1743,12.52,79,75,0.0,CA,2022-02-02 22:52:46,light snow
168,Zyrardow,52.0488,20.446,33.8,100,99,12.46,PL,2022-02-02 22:55:49,overcast clouds
169,Onguday,50.75,86.15,-9.08,100,55,2.33,RU,2022-02-02 22:55:49,broken clouds
170,Gamba,-2.65,10.0,76.98,87,100,4.83,GA,2022-02-02 22:51:45,moderate rain
171,Chara,56.9064,118.2631,-24.66,86,45,0.98,RU,2022-02-02 22:55:50,scattered clouds
172,Saint-Pierre,-21.3393,55.4781,80.28,83,75,34.52,RE,2022-02-02 22:52:29,light rain
173,Kodiak,57.79,-152.4072,36.91,87,100,4.61,US,2022-02-02 22:55:51,mist
174,Russas,-4.9403,-37.9758,79.09,79,48,7.47,BR,2022-02-02 22:55:51,scattered clouds
175,Sistranda,63.7256,8.834,31.96,60,94,22.39,NO,2022-02-02 22:52:26,overcast clouds
176,Saint George,37.1041,-113.5841,43.63,18,0,5.99,US,2022-02-02 22:52:08,clear sky
177,Luis Correia,-2.8792,-41.6669,82.4,89,75,5.75,BR,2022-02-02 22:52:57,broken clouds
178,Southbridge,42.0751,-72.0334,41.09,89,100,2.04,US,2022-02-02 22:55:52,overcast clouds
179,Evensk,61.95,159.2333,22.35,38,100,28.07,RU,2022-02-02 22:55:52,overcast clouds
180,Juneau,58.3019,-134.4197,28.85,95,100,0.0,US,2022-02-02 22:55:53,snow
181,Krasnoselkup,65.7,82.4667,-21.87,100,89,6.22,RU,2022-02-02 22:55:53,overcast clouds
182,Nuuk,64.1835,-51.7216,2.95,69,100,12.28,GL,2022-02-02 22:52:41,overcast clouds
183,Wynyard,-41.0,145.7167,63.95,67,26,11.32,AU,2022-02-02 22:55:53,scattered clouds
184,Yeppoon,-23.1333,150.7333,74.98,82,100,4.47,AU,2022-02-02 22:55:54,light rain
185,Tasiilaq,65.6145,-37.6368,9.82,83,100,3.67,GL,2022-02-02 22:55:54,overcast clouds
186,Neiafu,-18.65,-173.9833,84.88,74,40,4.61,TO,2022-02-02 22:55:55,scattered clouds
187,Carazinho,-28.2839,-52.7864,80.53,34,16,6.64,BR,2022-02-02 22:55:55,few clouds
188,Bonthe,7.5264,-12.505,77.88,88,34,7.14,SL,2022-02-02 22:55:55,scattered clouds
189,Soe,-9.8607,124.284,69.4,81,100,3.6,ID,2022-02-02 22:56:56,overcast clouds
190,Lexington Park,38.2668,-76.4538,45.36,89,40,3.44,US,2022-02-02 22:56:56,scattered clouds
191,Santa Fe,-31.6333,-60.7,87.91,66,100,5.3,AR,2022-02-02 22:56:57,overcast clouds
192,Sadovyy,53.3,34.3333,23.56,79,98,6.71,RU,2022-02-02 22:56:57,light snow
193,Taoudenni,22.6783,-3.9836,66.06,19,15,13.4,ML,2022-02-02 22:56:57,few clouds
194,Hithadhoo,-0.6,73.0833,81.61,69,47,3.76,MV,2022-02-02 22:53:55,scattered clouds
195,Sitka,57.0531,-135.33,39.09,93,100,5.75,US,2022-02-02 22:56:58,mist
196,Santiago Del Estero,-27.7951,-64.2615,92.48,28,49,8.93,AR,2022-02-02 22:56:58,scattered clouds
197,Kudahuvadhoo,2.6708,72.8944,81.14,72,1,6.73,MV,2022-02-02 22:56:59,clear sky
198,Hammerfest,70.6634,23.6821,18.05,73,0,2.3,NO,2022-02-02 22:56:59,clear sky
199,Lamar,33.6668,-95.5836,34.65,75,100,12.15,US,2022-02-02 22:56:59,overcast clouds
200,Mentor,41.6662,-81.3395,40.89,91,100,5.01,US,2022-02-02 22:57:00,moderate rain
201,Narsaq,60.9167,-46.05,1.15,64,65,8.28,GL,2022-02-02 22:53:10,broken clouds
202,Qujing,25.4833,103.7833,34.72,99,95,2.91,CN,2022-02-02 22:57:00,overcast clouds
203,Hofn,64.2539,-15.2082,30.11,56,100,7.76,IS,2022-02-02 22:57:01,overcast clouds
204,Rexburg,43.826,-111.7897,20.46,85,100,6.91,US,2022-02-02 22:52:24,overcast clouds
205,Roald,62.5833,6.1333,33.94,80,0,10.36,NO,2022-02-02 22:57:01,clear sky
206,Ambilobe,-13.2,49.05,73.47,96,99,0.94,MG,2022-02-02 22:52:45,overcast clouds
207,Mujiayingzi,42.1167,118.7833,3.36,79,4,6.15,CN,2022-02-02 22:57:02,clear sky
208,Doha,25.2867,51.5333,60.78,72,0,8.05,QA,2022-02-02 22:57:03,clear sky
209,Asyut,27.181,31.1837,54.95,39,40,3.58,EG,2022-02-02 22:57:03,scattered clouds
210,Provideniya,64.3833,-173.3,10.51,72,75,35.79,RU,2022-02-02 22:55:09,broken clouds
211,Bhadrak,21.0633,86.5054,65.77,89,0,4.45,IN,2022-02-02 22:57:03,clear sky
212,Sokoni,-6.4333,39.55,80.46,78,100,10.8,TZ,2022-02-02 22:57:04,overcast clouds
213,Itoman,26.1247,127.6694,69.82,88,75,18.41,JP,2022-02-02 22:57:04,broken clouds
214,Kangaatsiaq,68.3065,-53.4641,-6.83,79,100,17.07,GL,2022-02-02 22:57:05,overcast clouds
215,Pacific Grove,36.6177,-121.9166,65.43,26,0,1.99,US,2022-02-02 22:53:26,clear sky
216,Mozarlandia,-14.7447,-50.5706,74.64,90,58,3.91,BR,2022-02-02 22:57:05,broken clouds
217,Riyadh,24.6877,46.7219,51.94,37,0,5.66,SA,2022-02-02 22:57:06,clear sky
218,Pocao De Pedras,-4.6667,-44.85,76.55,84,59,2.82,BR,2022-02-02 22:57:06,broken clouds
219,Scalea,39.813,15.7956,50.58,50,0,9.51,IT,2022-02-02 22:57:06,clear sky
220,Acajutla,13.5928,-89.8275,81.81,65,5,5.55,SV,2022-02-02 22:57:07,clear sky
221,Jakarta,-6.2146,106.8451,81.52,91,20,0.0,ID,2022-02-02 22:54:02,haze
222,Faanui,-16.4833,-151.75,81.14,72,17,19.46,PF,2022-02-02 22:54:02,few clouds
223,Sola,-13.8833,167.55,83.07,84,100,0.0,VU,2022-02-02 22:57:08,very heavy rain
224,Carutapera,-1.195,-46.02,75.92,91,100,7.72,BR,2022-02-02 22:57:08,overcast clouds
225,Kalemie,-5.9475,29.1947,69.69,89,100,3.53,CD,2022-02-02 22:57:09,overcast clouds
226,Bontang,0.1333,117.5,77.67,81,100,7.7,ID,2022-02-02 22:57:09,overcast clouds
227,Kondinskoye,59.6481,67.41,21.33,94,99,11.14,RU,2022-02-02 22:57:09,overcast clouds
228,Mazamet,43.49,2.373,45.66,98,100,2.3,FR,2022-02-02 22:57:10,overcast clouds
229,The Valley,18.217,-63.0578,78.94,73,20,10.36,AI,2022-02-02 22:57:10,few clouds
230,Encruzilhada Do Sul,-30.5439,-52.5219,73.42,74,22,11.21,BR,2022-02-02 22:57:11,few clouds
231,Eyl,7.9803,49.8164,73.15,77,6,14.2,SO,2022-02-02 22:57:11,clear sky
232,Katsuura,35.1333,140.3,42.19,51,44,8.3,JP,2022-02-02 22:57:11,scattered clouds
233,Kavaratti,10.5669,72.642,79.39,73,15,11.16,IN,2022-02-02 22:57:12,few clouds
234,Portland,45.5234,-122.6762,46.62,92,100,3.0,US,2022-02-02 22:54:45,overcast clouds
235,Yuanping,38.7153,112.7575,19.67,27,0,2.82,CN,2022-02-02 22:58:12,clear sky
236,Isla Vista,34.4133,-119.861,67.73,36,0,1.99,US,2022-02-02 22:58:13,clear sky
237,Westport,41.1415,-73.3579,41.32,93,100,3.0,US,2022-02-02 22:58:13,overcast clouds
238,Karratha,-20.7377,116.8463,81.97,71,100,5.44,AU,2022-02-02 22:58:13,overcast clouds
239,Mosquera,4.7059,-74.2302,62.69,63,40,12.66,CO,2022-02-02 22:58:14,scattered clouds
240,Pandan Niog,6.2282,120.5631,81.27,76,83,12.28,PH,2022-02-02 22:58:14,broken clouds
241,Usinsk,65.9939,57.5281,15.01,96,100,8.43,RU,2022-02-02 22:58:15,overcast clouds
242,Cuervos,32.6314,-114.8556,61.75,10,0,31.7,MX,2022-02-02 22:58:15,clear sky
243,Znamenskoye,57.1281,73.8282,18.09,88,100,8.59,RU,2022-02-02 22:58:15,overcast clouds
244,San Patricio,28.017,-97.5169,78.78,75,88,12.21,US,2022-02-02 22:53:52,overcast clouds
245,Chokurdakh,70.6333,147.9167,-21.08,98,93,7.23,RU,2022-02-02 22:58:16,overcast clouds
246,Half Moon Bay,37.4636,-122.4286,65.1,30,0,4.0,US,2022-02-02 22:58:16,clear sky
247,Karaton,-6.3424,106.1045,79.95,92,60,2.46,ID,2022-02-02 22:58:17,broken clouds
248,Broken Hill,-31.95,141.4333,58.71,55,0,24.16,AU,2022-02-02 22:58:17,clear sky
249,Tuatapere,-46.1333,167.6833,58.82,81,100,7.2,NZ,2022-02-02 22:58:17,overcast clouds
250,Navolato,24.7672,-107.6944,76.64,38,92,14.5,MX,2022-02-02 22:58:18,overcast clouds
251,Licheng,23.2955,113.8284,46.33,91,100,6.13,CN,2022-02-02 22:58:18,light rain
252,Solnechnyy,50.7214,136.6319,-7.1,99,96,2.55,RU,2022-02-02 22:58:19,overcast clouds
253,Luderitz,-26.6481,15.1594,68.27,78,69,1.88,NA,2022-02-02 22:56:35,broken clouds
254,Lima,-12.0432,-77.0282,76.14,60,0,14.97,PE,2022-02-02 22:56:03,clear sky
255,Calera,33.1029,-86.7536,58.05,93,100,4.0,US,2022-02-02 22:58:20,mist
256,Lasa,46.6166,10.7002,39.94,94,72,8.34,IT,2022-02-02 22:57:21,broken clouds
257,Nikolskoye,59.7035,30.7861,21.09,98,99,0.87,RU,2022-02-02 22:57:05,overcast clouds
258,Vanavara,60.34,102.2797,-8.34,100,95,3.24,RU,2022-02-02 22:58:20,overcast clouds
259,Qaanaaq,77.484,-69.3632,-13.7,83,100,6.87,GL,2022-02-02 22:58:21,overcast clouds
260,Mamontovo,52.7055,81.6244,-2.18,100,99,2.71,RU,2022-02-02 22:58:21,overcast clouds
261,Kedrovyy,56.1667,91.8167,-12.14,99,38,3.62,RU,2022-02-02 22:58:21,scattered clouds
262,East London,-33.0153,27.9116,74.53,94,67,12.88,ZA,2022-02-02 22:58:22,light rain
263,Hervey Bay,-25.2986,152.8535,82.04,80,99,11.99,AU,2022-02-02 22:58:22,overcast clouds
264,Aklavik,68.2191,-135.0107,-22.0,76,75,2.3,CA,2022-02-02 22:58:23,broken clouds
265,Mtsamboro,-12.6998,45.0689,78.12,73,100,7.29,YT,2022-02-02 22:58:23,overcast clouds
266,Ust-Tsilma,65.441,52.1498,8.42,99,99,2.68,RU,2022-02-02 22:58:24,overcast clouds
267,Acarau,-2.8856,-40.12,79.66,80,54,11.52,BR,2022-02-02 22:58:24,broken clouds
268,Ouesso,1.6136,16.0517,77.76,29,100,1.05,CG,2022-02-02 22:58:24,overcast clouds
269,Slave Lake,55.2834,-114.769,-0.42,60,40,13.8,CA,2022-02-02 22:58:25,scattered clouds
270,Las Lomas,8.4333,-82.4,85.41,58,20,8.05,PA,2022-02-02 22:58:25,few clouds
271,Kulhudhuffushi,6.6221,73.07,80.15,74,34,8.57,MV,2022-02-02 22:58:25,scattered clouds
272,Buraydah,26.326,43.975,54.05,37,0,9.08,SA,2022-02-02 22:58:26,clear sky
273,Vikarabad,17.3333,77.9,65.79,62,36,5.93,IN,2022-02-02 22:58:26,scattered clouds
274,Grindavik,63.8424,-22.4338,25.27,86,40,6.91,IS,2022-02-02 22:58:27,scattered clouds
275,Beringovskiy,63.05,179.3167,4.39,78,83,20.24,RU,2022-02-02 22:58:27,broken clouds
276,Mkushi,-13.6202,29.3939,63.37,97,35,3.6,ZM,2022-02-02 22:58:27,light rain
277,Del Rio,29.3627,-100.8968,53.62,87,100,16.11,US,2022-02-02 22:58:28,overcast clouds
278,San Quintin,30.4833,-115.95,61.27,57,0,11.27,MX,2022-02-02 22:58:28,clear sky
279,Ramos Arizpe,25.55,-100.9667,81.64,12,0,10.33,MX,2022-02-02 22:58:29,clear sky
280,Novyy Yarychiv,49.9044,24.3052,33.15,95,100,12.91,UA,2022-02-02 22:59:29,light snow
281,Tura,25.5198,90.2201,58.93,54,80,2.75,IN,2022-02-02 22:59:29,broken clouds
282,Manakara,-22.1333,48.0167,72.14,87,66,6.98,MG,2022-02-02 22:59:30,broken clouds
283,Jakar,27.5492,90.7525,26.13,94,98,3.38,BT,2022-02-02 22:59:30,overcast clouds
284,Tari,12.4086,4.4914,68.32,9,44,9.08,NG,2022-02-02 22:59:31,scattered clouds
285,Yakeshi,49.2833,120.7333,-29.49,100,99,3.04,CN,2022-02-02 22:59:31,overcast clouds
286,Caravelas,-17.7125,-39.2481,77.76,86,100,4.99,BR,2022-02-02 22:59:31,overcast clouds
287,Makat,47.6469,53.3463,31.01,88,91,12.86,KZ,2022-02-02 22:59:32,overcast clouds
288,Suntar,62.1444,117.6319,-28.14,100,29,3.49,RU,2022-02-02 22:59:32,scattered clouds
289,Gigmoto,13.7796,124.39,77.4,88,100,11.86,PH,2022-02-02 22:57:19,overcast clouds
290,Souillac,-20.5167,57.5167,80.37,94,75,31.07,MU,2022-02-02 22:59:33,moderate rain
291,Ukiah,39.1502,-123.2078,66.36,36,0,4.61,US,2022-02-02 22:55:02,clear sky
292,Olongapo,14.8292,120.2828,75.25,78,40,5.75,PH,2022-02-02 22:59:33,scattered clouds
293,Mugur-Aksy,50.35,90.5,-9.65,85,31,5.48,RU,2022-02-02 22:59:34,scattered clouds
294,Anito,12.4497,125.2886,76.86,89,73,12.77,PH,2022-02-02 22:59:34,broken clouds
295,Longyearbyen,78.2186,15.6401,17.44,67,0,20.71,SJ,2022-02-02 22:59:35,clear sky
296,Zeya,53.75,127.2667,-10.03,87,47,4.83,RU,2022-02-02 22:59:35,scattered clouds
297,Vanimo,-2.6741,141.3028,78.46,86,99,3.53,PG,2022-02-02 22:59:35,overcast clouds
298,Alofi,-19.0595,-169.9187,78.69,78,75,9.22,NU,2022-02-02 22:59:36,shower rain
299,Kulmbach,50.1,11.45,38.57,96,83,1.97,DE,2022-02-02 22:59:36,broken clouds
300,Berberati,4.2612,15.7922,69.21,28,61,1.28,CF,2022-02-02 22:59:36,broken clouds
301,Sosnovo-Ozerskoye,52.5249,111.5418,-31.5,100,35,1.9,RU,2022-02-02 22:59:37,scattered clouds
302,Birao,10.2849,22.7882,70.48,22,7,1.66,CF,2022-02-02 22:59:37,clear sky
303,Fort Nelson,58.8053,-122.7002,-6.21,77,100,6.91,CA,2022-02-02 22:56:28,overcast clouds
304,Ibra,22.6906,58.5334,65.34,44,0,8.37,OM,2022-02-02 22:59:38,clear sky
305,Vardo,70.3705,31.1107,21.4,60,100,18.9,NO,2022-02-02 22:58:57,light snow
306,Sobreira,41.5237,-7.8023,45.95,82,86,0.83,PT,2022-02-02 22:59:39,overcast clouds
307,Makakilo City,21.3469,-158.0858,79.02,58,0,4.45,US,2022-02-02 22:59:39,clear sky
308,Klaksvik,62.2266,-6.589,40.12,72,100,14.88,FO,2022-02-02 22:59:39,overcast clouds
309,Kavieng,-2.5744,150.7967,78.96,84,100,14.27,PG,2022-02-02 22:59:40,light rain
310,Mayo,38.8876,-76.5119,48.07,79,0,6.8,US,2022-02-02 22:59:40,mist
311,Palmer,42.1584,-72.3287,41.38,74,99,1.57,US,2022-02-02 22:59:40,overcast clouds
312,Sioux Lookout,50.1001,-91.917,-9.02,64,100,12.66,CA,2022-02-02 22:57:38,overcast clouds
313,Sri Aman,1.2376,111.4621,73.45,100,73,0.0,MY,2022-02-02 22:59:41,broken clouds
314,Perni,41.0011,24.6356,42.35,86,100,1.86,GR,2022-02-02 22:59:42,overcast clouds
315,Labuhan,-6.8844,112.2051,77.47,86,100,4.05,ID,2022-02-02 22:55:11,overcast clouds
316,Mahdasht,35.7299,50.8111,39.42,69,0,4.61,IR,2022-02-02 22:59:42,clear sky
317,Isangel,-19.55,169.2667,86.11,84,75,3.44,VU,2022-02-02 22:59:43,broken clouds
318,Saldanha,-33.0117,17.9442,66.25,88,63,7.94,ZA,2022-02-02 22:59:43,broken clouds
319,Goderich,43.7501,-81.7165,27.91,93,100,12.66,CA,2022-02-02 22:58:44,snow
320,Itarema,-2.9248,-39.9167,79.57,79,52,10.87,BR,2022-02-02 22:57:56,broken clouds
321,Husavik,66.0449,-17.3389,17.51,94,99,5.1,IS,2022-02-02 22:59:44,overcast clouds
322,Donetsk,48.0,37.8,35.33,100,100,5.23,UA,2022-02-02 22:59:44,overcast clouds
323,Buzmeyin,38.0507,58.2056,37.13,56,0,2.3,TM,2022-02-02 22:59:44,clear sky
324,Urengoy,65.9667,78.3667,-13.81,99,85,9.53,RU,2022-02-02 23:00:45,overcast clouds
325,Marfino,55.7028,37.3822,23.14,86,75,4.47,RU,2022-02-02 23:00:45,light snow
326,Boguchany,58.3814,97.4531,10.13,96,100,2.21,RU,2022-02-02 23:00:46,light snow
327,Inhambupe,-11.7844,-38.3531,75.34,79,2,9.08,BR,2022-02-02 23:00:46,clear sky
328,Polunochnoye,60.8697,60.4153,3.43,98,81,2.84,RU,2022-02-02 23:00:47,broken clouds
329,Iranshahr,27.2025,60.6848,54.28,40,0,6.4,IR,2022-02-02 22:57:16,clear sky
330,Staroye Drozhzhanoye,54.7266,47.5677,24.15,98,100,2.68,RU,2022-02-02 23:00:47,light snow
331,Kumluca,36.3703,30.2869,55.49,81,100,13.44,TR,2022-02-02 23:00:48,overcast clouds
332,Umm Kaddadah,13.6017,26.6876,67.78,20,11,5.35,SD,2022-02-02 23:00:00,few clouds
333,Egvekinot,66.3167,-179.1667,-7.67,78,6,19.44,RU,2022-02-02 23:00:48,clear sky
334,Los Llanos De Aridane,28.6585,-17.9182,64.15,66,75,11.99,ES,2022-02-02 23:00:48,broken clouds
335,Bulgan,48.8125,103.5347,-6.25,86,8,4.52,MN,2022-02-02 23:00:49,clear sky
336,Yumen,40.2833,97.2,20.8,37,100,10.2,CN,2022-02-02 23:00:49,overcast clouds
337,Inta,66.0317,60.1659,12.18,96,100,3.98,RU,2022-02-02 23:00:50,overcast clouds
338,Azare,11.6765,10.1948,63.95,15,38,9.33,NG,2022-02-02 23:00:50,scattered clouds
339,Sabana Grande De Boya,18.945,-69.7933,78.19,94,25,3.53,DO,2022-02-02 23:00:51,scattered clouds
340,Kisangani,0.5167,25.2,73.9,68,100,2.15,CD,2022-02-02 23:00:51,overcast clouds
341,Merauke,-8.4667,140.3333,79.07,74,100,5.48,ID,2022-02-02 23:00:51,overcast clouds
342,Tiksi,71.6872,128.8694,-5.15,97,100,6.85,RU,2022-02-02 23:00:52,overcast clouds
343,Rawson,-43.3002,-65.1023,71.94,43,100,13.15,AR,2022-02-02 23:00:52,overcast clouds
344,Tiznit,29.5833,-9.5,66.69,25,66,7.54,MA,2022-02-02 23:00:53,broken clouds
345,Hun,29.1268,15.9477,48.34,56,9,13.78,LY,2022-02-02 23:00:54,clear sky
346,Yeniseysk,58.4497,92.1703,4.05,97,96,3.42,RU,2022-02-02 23:00:54,overcast clouds
347,Sinor,21.9167,73.3333,65.05,70,2,6.64,IN,2022-02-02 23:00:54,clear sky
348,Presidencia Roque Saenz Pena,-26.7852,-60.4388,95.58,20,74,1.9,AR,2022-02-02 23:00:55,broken clouds
349,Elat,29.5581,34.9482,60.91,36,94,2.15,IL,2022-02-02 23:00:55,overcast clouds
350,Bathsheba,13.2167,-59.5167,77.92,73,27,17.13,BB,2022-02-02 23:00:56,scattered clouds
351,Vuktyl,63.8567,57.3094,17.19,96,99,6.62,RU,2022-02-02 23:00:56,overcast clouds
352,Chalons-En-Champagne,48.9539,4.3672,48.27,97,100,5.66,FR,2022-02-02 23:00:57,overcast clouds
353,Mobaye,4.319,21.1786,79.95,29,82,0.65,CF,2022-02-02 23:00:57,broken clouds
354,Vao,-22.6667,167.4833,77.83,76,97,14.12,NC,2022-02-02 23:00:57,overcast clouds
355,Devesel,44.4689,22.6672,39.87,83,18,15.82,RO,2022-02-02 23:00:58,few clouds
356,Lompoc,34.6391,-120.4579,66.78,21,0,4.0,US,2022-02-02 23:00:58,clear sky
357,Krasnyy Chikoy,50.3643,108.7512,-9.27,100,100,2.01,RU,2022-02-02 23:00:59,overcast clouds
358,Wewak,-3.5534,143.6268,78.93,83,100,5.61,PG,2022-02-02 23:00:59,overcast clouds
359,Mareeba,-17.0,145.4333,83.48,91,100,6.49,AU,2022-02-02 23:00:59,overcast clouds
360,Abu Dhabi,24.4667,54.3667,67.96,66,40,2.3,AE,2022-02-02 22:59:55,scattered clouds
361,Verkhnevilyuysk,63.4453,120.3167,-20.7,98,100,4.59,RU,2022-02-02 23:01:00,overcast clouds
362,Harper,4.375,-7.7169,79.14,80,87,8.34,LR,2022-02-02 23:01:00,overcast clouds
363,Gushikawa,26.3544,127.8686,69.03,100,75,13.8,JP,2022-02-02 23:01:01,broken clouds
364,Borogontsy,62.6683,131.1683,-39.06,100,63,0.47,RU,2022-02-02 23:01:01,broken clouds
365,Laurel,39.0993,-76.8483,47.59,74,0,1.99,US,2022-02-02 22:57:38,clear sky
366,Markivka,49.5229,39.5705,34.86,100,100,4.23,UA,2022-02-02 23:01:02,snow
367,Lokosovo,61.1333,74.8167,21.76,93,100,11.48,RU,2022-02-02 23:01:02,light snow
368,Betsiamites,48.9413,-68.646,28.49,85,100,12.66,CA,2022-02-02 23:01:03,overcast clouds
369,Rocha,-34.4833,-54.3333,71.2,81,0,11.68,UY,2022-02-02 23:01:03,clear sky
370,Pemba,-12.974,40.5178,79.5,88,20,5.99,MZ,2022-02-02 22:56:28,few clouds
371,Bonavista,48.6499,-53.1147,24.12,71,29,19.55,CA,2022-02-02 23:00:32,scattered clouds
372,Rongcheng,30.634,117.8517,35.78,99,100,4.09,CN,2022-02-02 23:01:21,overcast clouds
373,Aksu,41.1231,80.2644,22.12,55,93,1.66,CN,2022-02-02 23:00:26,overcast clouds
374,Monrovia,6.3005,-10.7969,79.65,82,10,8.3,LR,2022-02-02 23:01:10,clear sky
375,Jining,35.405,116.5814,29.53,50,81,4.25,CN,2022-02-02 23:00:22,broken clouds
376,Sangueya,10.7,-14.3667,72.28,92,20,1.25,GN,2022-02-02 23:02:05,few clouds
377,La Ronge,55.1001,-105.2842,-9.62,89,6,4.68,CA,2022-02-02 23:01:34,clear sky
378,Oistins,13.0667,-59.5333,77.79,72,17,17.29,BB,2022-02-02 23:02:06,few clouds
379,Saint Anthony,45.0205,-93.218,5.67,55,0,8.01,US,2022-02-02 23:02:06,clear sky
380,Porto Novo,6.4965,2.6036,76.46,77,1,5.46,BJ,2022-02-02 23:02:06,clear sky
381,Yenagoa,4.9247,6.2642,79.5,74,7,5.68,NG,2022-02-02 23:02:07,clear sky
382,Mehamn,71.0357,27.8492,25.07,73,100,9.91,NO,2022-02-02 23:00:03,overcast clouds
383,San Policarpo,12.1791,125.5072,79.11,83,81,16.87,PH,2022-02-02 23:02:07,broken clouds
384,Soyo,-6.1349,12.3689,77.83,75,79,7.81,AO,2022-02-02 23:02:08,broken clouds
385,Magrath,49.4167,-112.8686,8.46,66,80,11.39,CA,2022-02-02 23:02:08,broken clouds
386,Necochea,-38.5473,-58.7368,81.61,52,100,9.86,AR,2022-02-02 23:01:27,light rain
387,Oranjemund,-28.55,16.4333,67.59,86,100,5.53,NA,2022-02-02 23:02:09,overcast clouds
388,Aykhal,66.0,111.5,-21.01,100,5,3.38,RU,2022-02-02 22:59:35,clear sky
389,Krutikha,53.9599,81.2093,0.19,100,100,3.15,RU,2022-02-02 23:02:10,overcast clouds
390,Srednekolymsk,67.45,153.6833,-25.69,99,99,2.13,RU,2022-02-02 23:02:10,overcast clouds
391,Borba,-4.3878,-59.5939,75.22,96,87,2.64,BR,2022-02-02 23:02:10,overcast clouds
392,Skjervoy,70.0311,20.9714,23.86,70,29,20.22,NO,2022-02-02 23:02:11,scattered clouds
393,Grand-Santi,4.25,-54.3833,72.81,99,81,2.84,GF,2022-02-02 23:02:11,broken clouds
394,Flagstaff,35.1981,-111.6513,37.67,28,62,3.0,US,2022-02-02 23:00:10,broken clouds
395,Verkh-Usugli,52.7,115.1667,-19.1,96,14,3.24,RU,2022-02-02 23:02:12,few clouds
396,Havoysund,70.9963,24.6622,18.48,85,54,10.27,NO,2022-02-02 23:02:12,broken clouds
397,Turayf,31.6725,38.6637,47.1,43,100,19.15,SA,2022-02-02 23:02:13,overcast clouds
398,Los Algarrobos,8.5,-82.4333,81.45,60,2,4.45,PA,2022-02-02 23:02:13,clear sky
399,Tahta,26.7693,31.5021,55.71,37,65,2.28,EG,2022-02-02 23:02:14,broken clouds
400,Clyde River,70.4692,-68.5914,-22.05,98,100,6.6,CA,2022-02-02 23:02:14,overcast clouds
401,Kidal,18.4411,1.4078,64.9,12,1,10.71,ML,2022-02-02 23:02:14,clear sky
402,Shingu,33.7333,135.9833,44.91,67,98,5.48,JP,2022-02-02 23:02:15,overcast clouds
403,Chishtian Mandi,29.8,72.8667,57.0,54,56,19.3,PK,2022-02-02 23:02:15,broken clouds
404,Chernigovka,44.3389,132.5728,-1.03,93,99,3.31,RU,2022-02-02 23:02:16,overcast clouds
405,Finschhafen,-6.6024,147.8681,82.17,77,100,11.14,PG,2022-02-02 23:02:16,overcast clouds
406,Marysville,48.0518,-122.1771,43.79,89,100,5.01,US,2022-02-02 23:02:17,light rain
407,Pevek,69.7008,170.3133,-7.83,75,25,5.23,RU,2022-02-02 23:02:17,scattered clouds
408,Anta,25.15,76.3,61.2,50,0,8.46,IN,2022-02-02 23:02:18,clear sky
409,General Roca,-39.0333,-67.5833,84.61,23,6,20.36,AR,2022-02-02 23:02:18,clear sky
410,Phayakkhaphum Phisai,15.5163,103.1937,73.42,71,44,7.92,TH,2022-02-02 23:02:18,scattered clouds
411,Hay River,60.8156,-115.7999,-10.93,98,35,3.62,CA,2022-02-02 23:02:19,scattered clouds
412,Dingle,10.9995,122.6711,75.81,90,100,9.13,PH,2022-02-02 23:02:19,overcast clouds
413,Chernyshevskiy,63.0128,112.4714,-21.98,98,50,1.14,RU,2022-02-02 23:02:19,scattered clouds
414,Srandakan,-7.9386,110.2506,59.74,82,100,3.56,ID,2022-02-02 23:02:20,overcast clouds
415,Muros,42.7762,-9.0603,54.23,84,100,7.63,ES,2022-02-02 23:02:21,overcast clouds
416,Auburndale,28.0653,-81.7887,76.59,54,40,8.99,US,2022-02-02 22:59:06,scattered clouds
417,Douglas,41.3,-96.167,16.9,41,75,5.99,US,2022-02-02 23:02:19,broken clouds
418,Draguignan,43.5333,6.4667,57.38,53,6,3.44,FR,2022-02-02 23:03:21,clear sky
419,Kerouane,9.2667,-9.0167,72.12,14,51,2.37,GN,2022-02-02 23:03:22,broken clouds
420,Ternate,0.8,127.4,78.82,81,100,4.63,ID,2022-02-02 23:03:22,overcast clouds
421,Saint-Augustin,51.226,-58.6502,23.72,89,100,23.73,CA,2022-02-02 23:03:23,overcast clouds
422,Nanortalik,60.1432,-45.2371,8.1,63,43,7.74,GL,2022-02-02 23:03:23,scattered clouds
423,Ulaangom,49.9811,92.0667,-20.83,90,98,2.21,MN,2022-02-02 23:03:23,overcast clouds
424,Tecoanapa,16.5167,-98.75,81.1,58,0,8.99,MX,2022-02-02 23:03:24,clear sky
425,Marzuq,14.4,46.4667,62.67,45,95,4.05,YE,2022-02-02 23:03:24,overcast clouds
426,Comodoro Rivadavia,-45.8667,-67.5,82.26,23,0,12.66,AR,2022-02-02 23:03:25,clear sky
427,Pompeu,-19.2244,-44.9353,68.04,93,99,3.69,BR,2022-02-02 23:03:25,overcast clouds
428,Sakaiminato,35.55,133.2333,40.98,62,100,10.85,JP,2022-02-02 23:03:25,overcast clouds
429,Port Hardy,50.6996,-127.4199,37.76,98,100,14.41,CA,2022-02-02 23:00:13,moderate rain
430,Santa Isabel,-23.3156,-46.2214,70.66,99,100,2.93,BR,2022-02-02 23:03:26,light rain
431,Kasungu,-13.0333,33.4833,64.72,93,3,4.45,MW,2022-02-02 23:03:26,clear sky
432,Tutoia,-2.7619,-42.2744,82.38,78,99,10.69,BR,2022-02-02 23:03:27,overcast clouds
433,Alvorada,-12.48,-49.1247,74.91,88,44,2.06,BR,2022-02-02 23:03:27,scattered clouds
434,Big Spring,32.2504,-101.4787,31.48,83,100,5.99,US,2022-02-02 23:03:28,overcast clouds
435,Kozan,37.4552,35.8157,49.1,79,85,9.37,TR,2022-02-02 23:03:28,overcast clouds
436,Cantagalo,-21.9811,-42.3681,69.15,99,100,2.77,BR,2022-02-02 23:03:29,moderate rain
437,Khorol,49.7837,33.2783,30.52,94,100,3.38,UA,2022-02-02 23:03:29,overcast clouds
438,Simbahan,6.3032,120.5836,81.14,76,79,12.62,PH,2022-02-02 23:03:29,broken clouds
439,Morondava,-20.2833,44.2833,80.69,85,78,7.07,MG,2022-02-02 23:03:30,light rain
440,Cap Malheureux,-19.9842,57.6142,80.47,82,100,18.01,MU,2022-02-02 23:03:30,overcast clouds
441,Mount Gambier,-37.8333,140.7667,60.28,58,100,10.22,AU,2022-02-02 23:03:30,overcast clouds
442,Beidao,34.5686,105.8933,19.78,93,75,0.29,CN,2022-02-02 23:03:31,broken clouds
443,Dauphin,51.1494,-100.0502,-12.23,87,7,10.4,CA,2022-02-02 23:03:31,clear sky
444,Quelimane,-17.8786,36.8883,73.18,93,21,1.86,MZ,2022-02-02 23:03:32,few clouds
445,Rincon,32.296,-81.2354,68.18,86,100,8.05,US,2022-02-02 23:03:32,overcast clouds
446,Los Rastrojos,10.0259,-69.2417,76.24,68,80,4.94,VE,2022-02-02 23:03:32,broken clouds
447,Ferrol,43.4832,-8.2369,54.5,70,93,6.82,ES,2022-02-02 23:03:33,overcast clouds
448,Haines Junction,60.7522,-137.5108,7.07,89,100,2.39,CA,2022-02-02 23:03:33,overcast clouds
449,Puri,19.8,85.85,68.52,75,13,11.27,IN,2022-02-02 23:03:34,few clouds
450,Penalva,-3.2942,-45.1736,75.02,91,98,4.38,BR,2022-02-02 23:03:34,overcast clouds
451,San Lawrenz,36.0553,14.204,54.86,71,0,4.0,MT,2022-02-02 23:03:34,clear sky
452,Camapua,-19.5314,-54.0439,73.18,93,99,3.8,BR,2022-02-02 23:03:35,overcast clouds
453,Xuddur,4.1213,43.8894,72.81,70,98,13.35,SO,2022-02-02 23:03:35,overcast clouds
454,Navodari,44.3167,28.6,34.92,93,100,10.36,RO,2022-02-02 23:03:36,mist
455,Chamonix-Mont-Blanc,45.9238,6.8693,37.53,81,61,4.05,FR,2022-02-02 23:03:36,broken clouds
456,Mbanza-Ngungu,-5.25,14.8667,67.57,93,100,4.18,CD,2022-02-02 23:03:36,overcast clouds
457,Develi,38.3906,35.4922,43.95,88,93,11.9,TR,2022-02-02 23:03:37,overcast clouds
458,San Luis,-33.295,-66.3356,72.7,52,62,7.63,AR,2022-02-02 23:03:37,broken clouds
459,Freeport,40.6576,-73.5832,42.03,82,100,1.99,US,2022-02-02 22:59:00,fog
460,Victor Harbor,-35.5667,138.6167,64.0,67,98,1.99,AU,2022-02-02 23:03:38,overcast clouds
461,Valkla,59.4744,25.3186,23.67,89,100,3.67,EE,2022-02-02 23:03:38,overcast clouds
462,Sur,22.5667,59.5289,71.51,57,4,18.07,OM,2022-02-02 23:04:38,clear sky
463,Elko,41.0002,-115.5012,26.74,39,9,8.99,US,2022-02-02 23:04:39,clear sky
464,Marsa Matruh,31.3525,27.2453,55.83,52,98,14.25,EG,2022-02-02 23:04:39,overcast clouds
465,Akureyri,65.6835,-18.0878,13.15,93,74,3.49,IS,2022-02-02 23:02:51,broken clouds
466,Erenhot,43.6475,111.9767,-3.69,94,7,4.43,CN,2022-02-02 23:04:20,clear sky
467,Ugoofaaru,5.6667,73.0,81.19,71,19,6.67,MV,2022-02-02 23:04:40,few clouds
468,Utica,43.1009,-75.2327,41.31,72,93,1.01,US,2022-02-02 23:04:40,overcast clouds
469,Taksimo,56.3444,114.8794,-21.84,92,17,2.62,RU,2022-02-02 23:03:24,few clouds
470,Mwinilunga,-11.7358,24.4293,61.0,96,99,1.61,ZM,2022-02-02 23:04:41,light rain
471,Luzhou,28.8724,105.4405,39.34,91,31,2.66,CN,2022-02-02 23:04:41,scattered clouds
472,Havelock,34.8791,-76.9013,56.93,80,53,5.28,US,2022-02-02 23:01:50,broken clouds
473,Kiunga,-6.1219,141.2906,79.52,70,95,1.07,PG,2022-02-02 23:04:42,overcast clouds
474,Houma,29.5958,-90.7195,73.99,100,100,6.24,US,2022-02-02 23:04:42,overcast clouds
475,Bend,44.0582,-121.3153,42.15,55,40,1.01,US,2022-02-02 23:04:24,scattered clouds
476,Vicuna,-30.0319,-70.7081,78.76,54,2,6.62,CL,2022-02-02 23:04:43,clear sky
477,Yar-Sale,66.8333,70.8333,0.64,97,100,13.38,RU,2022-02-02 23:01:37,light snow
478,Okhotsk,59.3833,143.3,7.25,76,100,14.81,RU,2022-02-02 23:04:43,overcast clouds
479,Thinadhoo,0.5333,72.9333,82.2,71,8,6.51,MV,2022-02-02 23:04:44,clear sky
480,Kuching,1.55,110.3333,75.42,94,20,1.14,MY,2022-02-02 23:04:44,few clouds
481,Davidson,36.1501,-86.7833,53.15,85,100,4.0,US,2022-02-02 23:01:58,mist
482,Lloydminster,53.2835,-110.0016,-13.81,92,36,10.45,CA,2022-02-02 23:01:39,scattered clouds
483,Aquiraz,-3.9014,-38.3911,82.49,82,48,8.75,BR,2022-02-02 23:04:45,scattered clouds
484,Kahului,20.8947,-156.47,81.97,74,1,5.99,US,2022-02-02 23:00:30,clear sky
485,Port Macquarie,-31.4333,152.9167,68.9,100,100,12.66,AU,2022-02-02 23:01:09,light rain
486,Madang,-5.2246,145.7966,79.29,77,99,4.9,PG,2022-02-02 23:04:46,light rain
487,Kalianget,-7.05,113.9333,76.37,87,98,11.03,ID,2022-02-02 23:04:46,overcast clouds
488,Herat,34.5,62.0,35.38,57,0,2.57,AF,2022-02-02 23:04:46,clear sky
489,Bansi,27.1833,82.9333,53.69,70,92,7.81,IN,2022-02-02 23:04:47,overcast clouds
490,Cervo,43.6702,-7.4101,51.96,80,92,6.33,ES,2022-02-02 23:04:47,overcast clouds
491,Maputo,-25.9653,32.5892,79.23,87,0,1.01,MZ,2022-02-02 23:04:48,clear sky
492,Redmond,47.674,-122.1215,43.79,82,100,1.01,US,2022-02-02 23:01:10,overcast clouds
493,Belyy Yar,53.6039,91.3903,-16.71,76,75,0.0,RU,2022-02-02 23:01:19,fog
494,Katobu,-4.9408,122.5276,77.05,86,100,1.95,ID,2022-02-02 23:04:48,overcast clouds
495,Hamilton,39.1834,-84.5333,45.21,95,100,1.99,US,2022-02-02 23:04:49,moderate rain
496,Bam,29.106,58.357,47.82,42,0,5.64,IR,2022-02-02 23:04:49,clear sky
497,Ushtobe,45.2514,77.9838,16.12,87,100,4.47,KZ,2022-02-02 23:04:50,overcast clouds
498,Moanda,-1.5575,13.2178,72.55,89,100,2.46,GA,2022-02-02 23:04:50,light rain
499,Ula,22.7225,88.5556,66.18,94,20,0.0,IN,2022-02-02 23:04:50,mist
500,Tanout,14.9709,8.8879,60.75,15,2,11.88,NE,2022-02-02 23:04:51,clear sky
501,Carauari,-4.8828,-66.8958,73.36,98,100,1.68,BR,2022-02-02 23:04:51,moderate rain
502,Tupik,54.4253,119.9327,-22.4,97,19,2.57,RU,2022-02-02 23:04:52,few clouds
503,Cooma,-36.2333,149.1333,53.37,71,100,13.8,AU,2022-02-02 23:04:52,overcast clouds
504,Yarada,17.65,83.2667,70.12,100,20,2.3,IN,2022-02-02 23:04:52,mist
505,Opuwo,-18.0607,13.84,64.11,61,41,2.51,NA,2022-02-02 23:04:09,scattered clouds
506,Iganga,0.6092,33.4686,69.08,80,100,3.58,UG,2022-02-02 23:04:53,overcast clouds
507,Tateyama,34.9833,139.8667,42.1,60,75,11.5,JP,2022-02-02 23:04:53,broken clouds
508,Washington,47.5001,-120.5015,33.08,52,100,4.63,US,2022-02-02 23:02:24,overcast clouds
509,Villa Maria,-32.4075,-63.2402,75.54,59,100,17.22,AR,2022-02-02 23:05:54,overcast clouds
510,Hambantota,6.1241,81.1185,72.1,84,5,9.17,LK,2022-02-02 23:05:55,clear sky
511,Puerto Narino,-3.7703,-70.3831,75.15,97,100,3.53,CO,2022-02-02 23:05:55,heavy intensity rain
512,Qaqortoq,60.7167,-46.0333,3.7,66,65,8.01,GL,2022-02-02 23:05:55,broken clouds
513,Ostrovnoy,68.0531,39.5131,20.79,91,100,14.63,RU,2022-02-02 23:05:56,light snow
514,Puerto Palomas,31.7667,-107.6167,52.93,33,88,25.32,MX,2022-02-02 23:05:56,overcast clouds
515,Nemuro,43.3236,145.575,23.36,72,51,7.72,JP,2022-02-02 23:02:52,broken clouds
516,Junction City,39.0286,-96.8314,20.8,52,100,5.99,US,2022-02-02 23:02:00,overcast clouds
517,Murnau,48.2302,12.2943,39.97,95,78,8.63,DE,2022-02-02 23:05:57,broken clouds
518,Erzincan,39.75,39.5,40.3,60,40,6.91,TR,2022-02-02 23:05:57,scattered clouds
519,Naryan-Mar,67.6713,53.087,7.56,96,100,7.45,RU,2022-02-02 23:05:57,overcast clouds
520,Waitara,-38.925,174.25,68.99,80,100,17.16,NZ,2022-02-02 23:05:02,moderate rain
521,Beira,-19.8436,34.8389,75.67,86,13,5.39,MZ,2022-02-02 23:05:58,few clouds
522,Vernon,50.2581,-119.2691,25.12,59,100,1.41,CA,2022-02-02 23:05:20,overcast clouds
523,Nelson Bay,-32.7167,152.15,67.1,92,100,3.0,AU,2022-02-02 23:01:41,overcast clouds
524,Tevaitoa,-16.7833,-151.5,81.18,72,18,20.36,PF,2022-02-02 23:05:59,few clouds
525,Muhos,64.808,25.9931,-2.42,96,100,2.68,FI,2022-02-02 23:05:59,overcast clouds
526,Badou,7.5833,0.6,72.75,21,56,2.48,TG,2022-02-02 23:06:00,broken clouds
527,Janakpur,26.7183,85.9065,56.03,65,23,4.9,NP,2022-02-02 23:03:01,few clouds
528,Tarsus,36.9188,34.8784,53.47,78,82,10.33,TR,2022-02-02 23:02:14,broken clouds
529,Yilan,24.757,121.753,66.36,99,96,4.07,TW,2022-02-02 23:06:00,overcast clouds
530,Egersund,58.4513,5.9997,37.2,89,94,1.32,NO,2022-02-02 23:06:01,overcast clouds
531,Fairbanks,64.8378,-147.7164,-16.64,70,0,0.0,US,2022-02-02 23:05:01,clear sky
532,Yining,29.0361,114.5636,34.38,99,98,1.66,CN,2022-02-02 23:06:01,overcast clouds
533,Mweka,-4.85,21.5667,69.58,99,100,1.92,CD,2022-02-02 23:03:46,light rain
534,Kununurra,-15.7667,128.7333,78.78,89,40,5.75,AU,2022-02-02 23:06:02,scattered clouds
535,Akyab,20.15,92.9,62.13,73,5,6.73,MM,2022-02-02 23:06:02,clear sky
536,Bintulu,3.1667,113.0333,74.77,92,99,3.89,MY,2022-02-02 23:06:03,overcast clouds
537,Qandala,11.472,49.8728,72.39,70,2,4.88,SO,2022-02-02 23:06:03,clear sky
538,Leningradskiy,69.3833,178.4167,-13.59,94,30,9.89,RU,2022-02-02 23:02:53,scattered clouds
539,Palana,59.1167,159.9667,11.61,87,100,13.09,RU,2022-02-02 23:06:04,overcast clouds
540,Deputatskiy,69.3,139.9,-24.95,93,20,5.84,RU,2022-02-02 23:01:24,few clouds
541,La Cruz,23.9167,-106.9,72.19,45,41,7.09,MX,2022-02-02 23:06:04,scattered clouds
542,Sapucaia,-29.8333,-51.15,82.71,76,0,4.0,BR,2022-02-02 23:04:33,clear sky
543,Metro,-5.1131,105.3067,72.93,96,74,4.21,ID,2022-02-02 23:06:05,broken clouds
544,Lieksa,63.3167,30.0167,-0.65,100,82,2.8,FI,2022-02-02 23:06:06,broken clouds
545,Shasta Lake,40.6804,-122.3708,58.93,33,35,1.01,US,2022-02-02 23:06:06,scattered clouds
546,Yafran,32.0633,12.5286,47.41,62,96,19.15,LY,2022-02-02 23:06:06,overcast clouds
547,Fengkou,30.0833,113.2667,35.51,85,99,5.57,CN,2022-02-02 23:06:07,overcast clouds
548,Kodinsk,58.6881,99.1844,0.46,99,100,2.59,RU,2022-02-02 23:06:07,overcast clouds
549,Kupang,-10.1667,123.5833,79.12,83,99,9.08,ID,2022-02-02 23:04:53,overcast clouds
550,Kropotkin,45.4375,40.5756,36.21,87,99,7.43,RU,2022-02-02 23:06:08,overcast clouds
551,Petropavlovsk-Kamchatskiy,53.0452,158.6483,25.39,80,75,4.47,RU,2022-02-02 23:05:16,broken clouds
552,Wamba,8.9333,8.6,73.36,21,2,4.14,NG,2022-02-02 23:06:08,clear sky
553,Lillooet,50.6856,-121.942,30.2,92,100,4.88,CA,2022-02-02 23:06:09,snow
554,Tabou,4.423,-7.3528,79.0,81,68,8.05,CI,2022-02-02 23:02:54,broken clouds
555,Marawi,7.9986,124.2928,66.65,87,99,1.57,PH,2022-02-02 23:06:09,overcast clouds
556,Burley,42.5357,-113.7928,22.3,73,0,9.22,US,2022-02-02 23:07:10,clear sky
557,Shimoda,34.6667,138.95,43.11,61,48,21.54,JP,2022-02-02 23:07:10,scattered clouds
558,Noshiro,40.2039,140.0242,32.38,55,100,17.05,JP,2022-02-02 23:07:11,overcast clouds
559,Belmonte,-15.8631,-38.8828,81.1,81,100,6.4,BR,2022-02-02 23:07:11,overcast clouds
560,Salalah,17.0151,54.0924,77.09,22,0,6.91,OM,2022-02-02 23:07:11,clear sky
561,Tracy,37.7397,-121.4252,64.15,28,7,7.0,US,2022-02-02 23:05:59,clear sky
562,Kamenka,51.3223,42.7678,31.75,99,100,5.14,RU,2022-02-02 23:07:12,light snow
563,Doka,13.5167,35.7667,79.41,34,58,14.0,SD,2022-02-02 23:07:12,broken clouds
564,Adrar,20.5022,-10.0711,68.94,21,67,11.1,MR,2022-02-02 23:02:19,broken clouds
565,Kijang,35.2442,129.2139,33.06,48,98,5.55,KR,2022-02-02 23:07:13,overcast clouds
566,Cradock,-32.1642,25.6192,72.84,81,91,3.6,ZA,2022-02-02 23:07:13,light rain
567,Kangavar,34.5043,47.9653,32.41,66,91,1.41,IR,2022-02-02 23:07:14,overcast clouds
568,Namie,37.4833,141.0,34.72,63,61,3.69,JP,2022-02-02 23:07:14,broken clouds
569,Saravena,6.9538,-71.8752,85.01,35,79,0.43,CO,2022-02-02 23:07:14,broken clouds
570,Vilyuysk,63.7553,121.6247,-16.64,98,100,5.64,RU,2022-02-02 23:07:15,overcast clouds
571,Mandali,33.7499,45.5541,50.58,49,93,2.13,IQ,2022-02-02 23:07:15,overcast clouds
572,Kapoeta,4.7717,33.5903,84.16,29,100,4.41,SS,2022-02-02 23:07:16,overcast clouds
573,Jinchang,38.4953,102.1739,17.83,38,42,4.12,CN,2022-02-02 23:07:16,scattered clouds
574,Itamaraca,-7.7478,-34.8256,83.08,72,52,11.16,BR,2022-02-02 23:07:16,broken clouds
575,Kihurio,-4.4667,38.0667,71.06,93,100,4.29,TZ,2022-02-02 23:07:17,overcast clouds
576,Moose Factory,51.2585,-80.6094,-15.05,94,95,3.02,CA,2022-02-02 23:07:17,overcast clouds
577,Rennes,48.1667,-1.6667,45.57,87,100,3.44,FR,2022-02-02 23:07:18,overcast clouds
578,Honningsvag,70.9821,25.9704,27.7,72,92,10.4,NO,2022-02-02 23:07:18,overcast clouds
579,Aswan,24.0934,32.907,59.76,38,0,7.11,EG,2022-02-02 23:07:18,clear sky
580,Kvitok,56.0724,98.4813,-2.67,99,96,2.13,RU,2022-02-02 23:07:19,overcast clouds
581,Ovalle,-30.5983,-71.2003,75.99,45,0,6.64,CL,2022-02-02 23:07:19,clear sky
582,Jalu,29.0331,21.5482,52.39,59,45,16.71,LY,2022-02-02 23:07:19,scattered clouds
583,Huarmey,-10.0681,-78.1522,73.87,74,63,11.9,PE,2022-02-02 23:03:06,broken clouds
584,Manokwari,-0.8667,134.0833,78.26,77,97,0.69,ID,2022-02-02 23:07:20,overcast clouds
585,Powell River,49.8496,-124.5361,36.28,93,100,3.44,CA,2022-02-02 23:07:20,mist
586,Jacareacanga,-6.2222,-57.7528,74.82,97,97,2.24,BR,2022-02-02 23:04:27,overcast clouds
587,Taltal,-25.4,-70.4833,69.26,72,20,6.6,CL,2022-02-02 23:07:21,few clouds
588,Flin Flon,54.7682,-101.865,-8.77,86,11,8.68,CA,2022-02-02 23:07:21,few clouds
589,Buta,2.7858,24.73,74.25,55,87,1.07,CD,2022-02-02 23:07:22,overcast clouds
590,Oksovskiy,62.6062,39.8984,9.43,98,100,1.3,RU,2022-02-02 23:07:22,overcast clouds
591,Astrea,9.4983,-73.9759,87.93,38,32,5.57,CO,2022-02-02 23:07:23,scattered clouds
592,Aguimes,27.9054,-15.4461,68.63,53,20,26.46,ES,2022-02-02 23:07:23,few clouds
593,Nouadhibou,20.931,-17.0347,67.21,74,1,17.81,MR,2022-02-02 23:07:23,clear sky
594,Gold Coast,-28.0,153.4333,83.34,88,98,5.99,AU,2022-02-02 23:07:24,overcast clouds
595,Ancud,-41.8697,-73.8203,67.23,78,96,5.59,CL,2022-02-02 23:07:24,overcast clouds
596,Akdepe,42.0551,59.3788,33.8,76,0,9.75,TM,2022-02-02 23:07:25,clear sky
597,Chimbote,-9.0853,-78.5783,73.2,73,41,12.44,PE,2022-02-02 23:07:25,scattered clouds
598,Odweyne,9.4092,45.064,66.52,45,55,12.28,SO,2022-02-02 23:07:25,broken clouds
599,Brattleboro,42.8509,-72.5579,42.98,88,99,1.01,US,2022-02-02 23:07:26,overcast clouds
600,Tabas,33.5959,56.9244,44.69,44,0,0.81,IR,2022-02-02 23:07:27,clear sky
601,Coahuayana,18.7333,-103.6833,85.48,42,0,6.49,MX,2022-02-02 23:06:29,clear sky
602,Swift Current,50.2834,-107.8014,-12.48,93,49,7.47,CA,2022-02-02 23:08:27,scattered clouds
603,Yatsushiro,32.5,130.6,37.18,78,100,5.64,JP,2022-02-02 23:08:28,overcast clouds
604,Dzhebariki-Khaya,62.2167,135.8,-33.86,99,100,1.19,RU,2022-02-02 23:08:28,overcast clouds
605,Sanmenxia,34.7747,111.1814,30.9,64,94,3.87,CN,2022-02-02 23:05:00,overcast clouds
606,Waddan,29.1614,16.139,47.44,60,17,12.3,LY,2022-02-02 23:08:29,few clouds
607,Zhatay,62.1594,129.8294,-34.55,67,0,0.0,RU,2022-02-02 23:08:29,clear sky
608,Clonakilty,51.6231,-8.8706,46.09,88,100,10.92,IE,2022-02-02 23:08:29,overcast clouds
609,Mariestad,58.7097,13.8237,24.51,94,32,4.27,SE,2022-02-02 23:08:30,scattered clouds
610,Lesnoy,57.6198,63.0784,10.09,96,88,5.41,RU,2022-02-02 23:08:30,overcast clouds
611,Teguise,29.0605,-13.564,70.02,28,0,4.61,ES,2022-02-02 23:08:31,clear sky
612,Rio Grande,-32.035,-52.0986,74.12,84,0,19.13,BR,2022-02-02 23:08:27,clear sky
613,Chernukha,55.5974,43.7556,8.17,98,98,2.59,RU,2022-02-02 23:08:31,overcast clouds
614,Sisimiut,66.9395,-53.6735,0.07,79,100,19.93,GL,2022-02-02 23:08:32,overcast clouds
615,Port-Gentil,-0.7193,8.7815,80.71,78,22,10.67,GA,2022-02-02 23:06:10,few clouds
616,Alghero,40.5589,8.3181,50.99,100,40,2.3,IT,2022-02-02 23:08:32,scattered clouds
617,Jaranwala,31.3333,73.4333,53.98,70,97,9.95,PK,2022-02-02 23:06:32,overcast clouds
618,Pangody,65.85,74.4859,-2.07,95,97,14.67,RU,2022-02-02 23:08:33,overcast clouds
619,Port Hedland,-20.3167,118.5667,78.85,100,97,5.75,AU,2022-02-02 23:06:27,overcast clouds
620,Mpika,-11.8343,31.4529,61.34,97,71,2.42,ZM,2022-02-02 23:08:33,moderate rain
621,Hasaki,35.7333,140.8333,27.0,52,44,12.08,JP,2022-02-02 23:08:34,scattered clouds
622,Aketi,2.7388,23.7833,75.52,56,100,1.54,CD,2022-02-02 23:08:34,overcast clouds
623,Northam,51.0333,-4.2167,47.91,93,100,9.46,GB,2022-02-02 23:08:34,overcast clouds
624,Weligama,5.9667,80.4167,70.84,88,4,5.35,LK,2022-02-02 23:08:35,clear sky
625,Huanuni,-18.2667,-66.85,46.89,66,89,4.03,BO,2022-02-02 23:08:35,light rain
626,Inongo,-1.95,18.2667,74.8,74,99,3.53,CD,2022-02-02 23:05:20,overcast clouds
627,Oshakati,-17.7833,15.6833,74.75,41,37,16.84,NA,2022-02-02 23:08:36,scattered clouds
628,Praia Da Vitoria,38.7333,-27.0667,57.76,82,30,7.02,PT,2022-02-02 23:08:36,scattered clouds
629,Kenai,60.5544,-151.2583,23.02,79,0,8.05,US,2022-02-02 23:08:37,clear sky
630,Sungaipenuh,-2.0833,101.3833,64.74,95,95,3.6,ID,2022-02-02 23:08:37,overcast clouds
631,Laon,49.5667,3.6667,48.45,93,100,5.12,FR,2022-02-02 23:08:37,overcast clouds
632,Sao Filipe,14.8961,-24.4956,75.49,65,3,14.38,CV,2022-02-02 23:08:38,clear sky
633,Kanniyakumari,8.0833,77.5667,75.18,66,6,12.84,IN,2022-02-02 23:08:38,clear sky
634,Thunder Bay,48.4001,-89.3168,0.55,54,62,5.01,CA,2022-02-02 23:08:39,broken clouds
635,Bandarbeyla,9.4942,50.8122,74.62,73,15,16.71,SO,2022-02-02 23:08:39,few clouds
636,Grand Gaube,-20.0064,57.6608,80.38,82,100,18.01,MU,2022-02-02 23:08:39,overcast clouds
637,Kamaishi,39.2667,141.8833,25.75,60,14,9.69,JP,2022-02-02 23:08:40,few clouds
638,Korla,41.7597,86.1469,22.39,58,11,6.26,CN,2022-02-02 23:08:40,few clouds
639,Mazamari,-11.3258,-74.5308,73.54,90,85,1.72,PE,2022-02-02 23:08:41,overcast clouds
640,Liezen,47.5667,14.2333,37.94,95,100,6.35,AT,2022-02-02 23:08:41,overcast clouds
641,Pitimbu,-7.4706,-34.8086,82.99,71,39,12.93,BR,2022-02-02 23:08:41,scattered clouds
642,Englewood,39.6478,-104.9878,18.99,78,100,3.0,US,2022-02-02 23:07:48,mist
643,Mangai,-4.05,19.5333,72.14,92,98,1.12,CD,2022-02-02 23:08:42,light rain
644,Alice Springs,-23.7,133.8833,67.55,77,75,13.8,AU,2022-02-02 23:07:47,broken clouds
645,Great Yarmouth,52.6083,1.7305,48.22,93,100,9.15,GB,2022-02-02 23:08:42,overcast clouds
646,Mahibadhoo,3.7833,72.9667,81.82,71,4,9.33,MV,2022-02-02 23:08:04,clear sky
647,Saint-Joseph,-21.3667,55.6167,79.18,93,100,34.27,RE,2022-02-02 23:08:43,heavy intensity rain
648,Batagay-Alyta,67.8006,130.4114,-25.6,99,62,3.74,RU,2022-02-02 23:07:37,broken clouds
649,Kipini,-2.5257,40.5262,79.09,91,100,8.05,KE,2022-02-02 23:09:43,overcast clouds
650,Mitu,1.1983,-70.1733,78.37,69,96,2.55,CO,2022-02-02 23:09:44,overcast clouds
651,Paamiut,61.994,-49.6678,9.64,62,100,17.83,GL,2022-02-02 23:05:33,overcast clouds
652,Marshall,34.3834,-86.3333,53.94,79,100,1.01,US,2022-02-02 23:09:45,overcast clouds
653,San Rafael,-34.6177,-68.3301,78.48,48,22,7.16,AR,2022-02-02 23:06:08,light rain
654,Galle,6.0367,80.217,72.79,84,16,3.67,LK,2022-02-02 23:09:45,few clouds
655,Catuday,16.2923,119.8062,74.41,75,6,13.04,PH,2022-02-02 23:09:45,clear sky
656,Lashio,22.9333,97.75,42.93,83,0,2.01,MM,2022-02-02 23:08:07,clear sky
657,Eydhafushi,5.1033,73.0708,81.25,70,37,9.08,MV,2022-02-02 23:09:46,scattered clouds
658,Kamina,-8.7386,24.9906,62.89,98,100,2.53,CD,2022-02-02 23:09:46,light rain
659,Macusani,-14.0833,-70.4333,42.64,84,97,5.14,PE,2022-02-02 23:09:47,overcast clouds
660,Praya,14.9215,-23.5087,71.53,82,2,13.98,CV,2022-02-02 23:09:47,clear sky
661,Tighina,46.8306,29.4711,25.57,69,100,1.52,MD,2022-02-02 23:09:48,overcast clouds
662,Little Rock,34.7465,-92.2896,42.33,90,100,11.01,US,2022-02-02 23:07:49,overcast clouds
663,Omboue,-1.5746,9.2618,77.67,86,86,5.61,GA,2022-02-02 23:07:46,light rain
664,Ascension,30.2169,-90.9001,77.0,71,75,4.61,US,2022-02-02 23:09:49,broken clouds
665,Kahta,37.7855,38.6237,42.17,90,100,4.99,TR,2022-02-02 23:09:49,overcast clouds
666,Bodaybo,57.8506,114.1933,-23.24,100,98,1.36,RU,2022-02-02 23:09:50,overcast clouds
667,Storforshei,66.4043,14.5233,8.92,88,100,6.44,NO,2022-02-02 23:09:50,overcast clouds
668,Miyako,39.6367,141.9525,32.18,49,2,6.58,JP,2022-02-02 23:09:50,clear sky
669,Mount Isa,-20.7333,139.5,80.37,78,75,9.22,AU,2022-02-02 23:09:51,light rain
670,Liling,27.6667,113.5,36.73,96,100,1.7,CN,2022-02-02 23:05:12,overcast clouds
671,Salatiga,-7.3319,110.4928,70.39,90,99,2.37,ID,2022-02-02 23:09:51,overcast clouds
672,Tumut,-35.3,148.2167,66.24,53,29,4.03,AU,2022-02-02 23:09:52,scattered clouds
673,Miri,4.4148,114.0089,75.07,94,86,3.56,MY,2022-02-02 23:09:52,overcast clouds
674,Jaguaruana,-4.8339,-37.7811,79.65,79,40,8.57,BR,2022-02-02 23:09:52,scattered clouds
675,Gainesville,29.6516,-82.3248,73.67,56,0,6.91,US,2022-02-02 23:09:14,clear sky
676,Batemans Bay,-35.7167,150.1833,66.99,50,10,8.68,AU,2022-02-02 23:07:20,clear sky
677,Oksfjord,70.2396,22.3479,16.72,92,79,10.63,NO,2022-02-02 23:09:53,broken clouds
678,Kristinehamn,59.3098,14.1081,28.38,91,58,2.89,SE,2022-02-02 23:09:53,broken clouds
679,Novoagansk,61.9449,76.6625,18.73,92,100,10.02,RU,2022-02-02 23:09:54,overcast clouds
680,Mata Grande,-9.1175,-37.7322,79.27,52,20,13.35,BR,2022-02-02 23:09:02,few clouds
681,Jackson,42.4165,-122.8345,52.14,52,0,0.0,US,2022-02-02 23:06:57,clear sky
682,Kholodnyy,62.7167,147.95,-9.04,97,100,4.76,RU,2022-02-02 23:09:54,overcast clouds
683,Garden City,42.3256,-83.331,30.2,94,100,13.8,US,2022-02-02 23:09:55,snow
684,Balabac,7.9868,117.0645,80.24,81,82,14.81,PH,2022-02-02 23:09:55,broken clouds
685,Nabire,-3.3667,135.4833,77.59,85,100,2.1,ID,2022-02-02 23:09:56,overcast clouds
686,Teruel,40.6667,-0.6667,44.56,27,0,4.41,ES,2022-02-02 23:09:56,clear sky
687,Honiara,-9.4333,159.95,83.64,78,100,6.29,SB,2022-02-02 23:08:49,overcast clouds
688,Druzhba,52.0428,33.9453,21.67,97,100,6.49,UA,2022-02-02 23:09:57,overcast clouds
689,College,64.8569,-147.8028,-6.14,69,20,0.0,US,2022-02-02 23:09:57,few clouds
690,Lahaina,20.8783,-156.6825,83.44,72,0,2.75,US,2022-02-02 23:09:57,clear sky
691,Araguari,-18.6472,-48.1872,68.31,88,100,3.69,BR,2022-02-02 23:09:58,light rain
692,Tapes,-30.6733,-51.3958,76.26,83,0,16.53,BR,2022-02-02 23:09:58,clear sky
693,Ekimchan,53.0667,132.9667,-27.18,99,27,3.24,RU,2022-02-02 23:09:59,scattered clouds
694,Sabang,5.8933,95.3214,80.26,79,42,9.57,ID,2022-02-02 23:10:59,scattered clouds
695,Nago,26.5881,127.9761,69.87,89,66,8.39,JP,2022-02-02 23:10:59,broken clouds
696,Moshkovo,55.3053,83.6104,12.72,96,100,4.34,RU,2022-02-02 23:11:00,overcast clouds
697,Simpang,-1.2667,104.0833,73.58,95,73,1.59,ID,2022-02-02 23:11:00,broken clouds
698,Aksarka,66.5606,67.7975,4.51,97,100,4.23,RU,2022-02-02 23:11:01,overcast clouds
699,Boysun,38.2061,67.1986,30.42,74,79,5.82,UZ,2022-02-02 23:11:01,broken clouds
700,Skelleftea,64.7507,20.9528,10.76,66,100,4.61,SE,2022-02-02 23:11:01,overcast clouds
701,Arona,28.0996,-16.681,64.71,65,75,1.01,ES,2022-02-02 23:11:02,light rain
